person_id,field,value,kind,confidence,sources,note
per_joe,full_name,Joseph Sam Warszawski,family_verified,high,s_heights1978|s_user4,Found on the Heights High memorial page; the family confirmed the Feb 18 date matches.
per_joe,school,"Cleveland Heights High School, class of 1978",public_record,medium,s_heights1978,
per_joe,residence,Lived in Cleveland with Lori,user_stated,high,s_user3,
per_joe,fact,"Family based in Cleveland, Ohio",inference,medium,s_col_andrusier|s_col_chayempour|s_anash_hirsch_lc|s_col_katz_eng,Every engagement notice for his children lists them 'of Cleveland'. Kept at city level.
per_joe,birthplace,"Born in postwar Poland, per family memory; exact city unknown.",user_stated,medium,s_family_knowledge,
per_joe,siblings,"Only child of Shimon and Bertha, according to the family.",user_stated,high,s_family_knowledge,
per_joe,work_1986,"Attended Cleveland State University and worked as technical adviser at ProSearch of Medina, as of the engagement notice.",public_record,high,s_cjn_1986_hersh,"1986 snapshot, not a lifelong profession."
per_joe,bar_mitzvah,"A notice dated October 13, 1972 lists a bar mitzvah for the next morning at Sinai Synagogue.",public_record,high,s_cjn_1972_joe_bar,"Announcement, not proof the ceremony occurred as planned; street address omitted."
per_bertha,birthday,May 15 (birth year unknown).,user_stated,high,s_family_knowledge,
per_bertha,cemetery_interment,"Zion Memorial Park register lists BERTHA Warszawski interred November 29, 2016, section Z6 row 1 grave 58. This is an interment date, not her death date.",public_record,high,s_zion_cemetery_register_2026,Name and cemetery placement read directly from the cemetery-operated register; correlate with other evidence before treating names as full identity.
per_bertha,headstone_dates,"Stone at Zion Memorial Park reads Berta Warszawski, May 15, 1935 - November 28, 2016.",public_record,high,s_billiongraves_berta_stone|s_zion_cemetery_register_2026,Stone civil inscription visually inspected. Family 26 Cheshvan yahrtzeit does not match the stone’s Nov 28 date in 5777; keep conflict explicit.
per_bertha,parentage,"Mordukh’s 1996 death notice explicitly lists Bertha Warshawsky as his daughter; 1997 CJN monument notice lists Berta, wife Elka.",public_record,high,s_pd_1996_mordukh|s_cjn_1997_zelkind,Elka is Mordukh’s wife in both notices; the 1996 notice corroborates Bertha’s Zelkind branch and the Warshawsky spelling variant.
per_larry,origins,"From the Khust/Transylvania region, per family memory.",user_stated,medium,s_family_knowledge,
per_larry,family_history,"Aryeh Leib Larry Hirsch was originally from Czechoslovakia, survived Auschwitz, and was one of seven siblings; he and a sister Judy survived, per family account. A 1961 naturalization card records a Hershkovitz name form in his own name-change sequence.",user_stated,medium,s_family_knowledge,
per_larry,name,Lawrence Hersh appears as Laurel Ruth’s father in an engagement notice and as Ilana’s maternal grandfather in a birth notice.,public_record,high,s_cjn_1986_hersh,Hirsch remains a family-used variant; a 1961 naturalization card annotates a name change and records a Hershkovitz form.
per_larry,public_activism,"In October 1972 press, named Cleveland Jewish Survival Legion leader and national board member, formerly local Jewish Defense League coordinator.",public_record,high,s_cjn_1972_larry_activism,"Dated public role, not evidence of profession or lifelong affiliation."
per_larry,naturalization,"Arie Lawrence Hersh naturalized in U.S. District Court on August 11, 1961. The card records June 1, 1925 birth date and an annotation that his name changed during naturalization; the name sequence includes Arie, Larry and Hershkovitz.",public_record,high,s_familysearch_larry_nat_1961,"Name sequence was written across printed wife-name and minor-children labels, but is explicitly a name-change entry, not a wife or child. Original birth record has not been checked. Origin notation remains unread."
per_larry,cemetery_interment,"Zion Memorial Park register lists LAWRENCE Hersh interred January 3, 2012, Z3 row 1 grave 35, adjacent to ILEEN Hersh. A second Jan 5 RESERVE row at the same grave is an internal reservation line, not another burial.",public_record,high,s_zion_cemetery_register_2026,Cemetery-owned register cross-checked by surname; interment date is not a civil death date.
per_shaina,identity,"Ilene, Hebrew Shaina Yuda; ""Gabby"" was her grandmother nickname.",user_stated,high,s_family_knowledge,
per_shaina,family_origins,"From Cleveland; family says her parents came from France, while an earlier family account says her mother Pearl was born in Latvia.",user_stated,medium,s_family_knowledge,Do not settle parent birthplace until direct records are checked.
per_shaina,cemetery_interment,"Zion Memorial Park register lists ILEEN Hersh interred May 24, 2009, Z3 row 1 grave 34, adjacent to LAWRENCE Hersh. Cemetery placement and period marriage record strongly link this to Ilene (Gabby), but the date is burial, not death.",public_record,high,s_zion_cemetery_register_2026,Cemetery-owned register cross-checked by surname; interment date is not a civil death date.
per_shaina,family_notice,The 2009 death notice identifies Ileen Hersh (nee Garson) as Lawrence’s wife and lists Laurel Warszawski and granddaughter Shoshana.,public_record,high,s_pd_2009_ileen,"The notice also lists Suzanne Greenberg, Seth, Joseph and Marci Hersh; punctuation is not used here to reconstruct spouse pairs."
per_lori,residence,Lived in Cleveland with Joe,user_stated,high,s_user3,
per_lori,name,Laurel Ruth Hersh is the form in the 1986 engagement notice; Lori (Leah Rochel) is the family-used name.,public_record,high,s_cjn_1986_hersh,"Earlier Hirsch form retained as a family variant, not the documentary primary surname."
per_lori,work_1986,"Ursuline College graduate and registered nurse at Rainbow Babies and Children’s Hospital, as of the engagement notice.",public_record,high,s_cjn_1986_hersh,"1986 snapshot, not evidence of later employment."
per_shmaya,work,Chabad shliach associated with Torah Day School in Houston (2019).,user_stated,medium,s_family_knowledge,
per_aliya,lchaim,"L'Chaim of Shmuly Andrusier and Aliyah Warszaski (2013-10) - Beis Levi Yitzchak shul, Crown Heights",public_record,medium,s_col_andrusier,"Month from the COLlive posting date (Oct 9, 2013)."
per_shmuel_yaakov,fact,Called 'Shmuly Andrusier of Crown Heights' in the L'Chaim notice,inference,medium,s_col_andrusier,Shmuly is taken as the short form of Shmuel Yaakov.
per_shmuel_yaakov,lchaim,"L'Chaim of Shmuly Andrusier and Aliyah Warszaski (2013-10) - Beis Levi Yitzchak shul, Crown Heights",public_record,medium,s_col_andrusier,"Month from the COLlive posting date (Oct 9, 2013)."
per_shoshy,engagement,Engagement: Shmuly Chaikin (Johannesburg) to Shoshy Warszawski (Cleveland) (date not published),public_record,medium,s_ci_chaikin,Listed on ChabadInfo; date not shown.
per_shoshy,engagement,"Shoshy Warszawski and Shmuly Chaikin engagement announced August 22, 2014",public_record,high,s_collive_chaikin_eng,
per_shmuel,engagement,Engagement: Shmuly Chaikin (Johannesburg) to Shoshy Warszawski (Cleveland) (date not published),public_record,medium,s_ci_chaikin,Listed on ChabadInfo; date not shown.
per_shmuel,engagement,"Shoshy Warszawski and Shmuly Chaikin engagement announced August 22, 2014",public_record,high,s_collive_chaikin_eng,
per_yechiel,marital_status,Single,user_stated,high,s_user|s_user2,
per_yechiel,work,"Worked at American Dream mall in New Jersey, 2019-2023.",user_stated,medium,s_family_knowledge,
per_shimon,lchaim,"L'Chaim of Shimon Warszawski and Mushkie Chayempour (2019-01) - Lubavitch Yeshiva Hall, Crown Heights",public_record,medium,s_col_chayempour,"Month from the COLlive posting date (Jan 23, 2019)."
per_shimon,birth,Baby girl born to Shimon and Mushkie Warszawski (2020-01-20) - Crown Heights,public_record,medium,s_chi_baby2020,Date is the announcement date.
per_shimon,engagement,"Shimon Warszawski and Mushky Chayempour engagement announced January 12, 2019",public_record,high,s_collive_shimon_eng,
per_shimon,profession,Graduated law school in May 2024 and reported passing the bar in October 2024; associated with Cleveland.,user_stated,high,s_family_knowledge,
per_mushky,fact,"Maiden name Chayempour, of Toronto, Canada",public_record,medium,s_col_chayempour|s_chi_baby2020,Matched on 'Shimon Warszawski of Cleveland' - please confirm.
per_mushky,lchaim,"L'Chaim of Shimon Warszawski and Mushkie Chayempour (2019-01) - Lubavitch Yeshiva Hall, Crown Heights",public_record,medium,s_col_chayempour,"Month from the COLlive posting date (Jan 23, 2019)."
per_mushky,birth,Baby girl born to Shimon and Mushkie Warszawski (2020-01-20) - Crown Heights,public_record,medium,s_chi_baby2020,Date is the announcement date.
per_mushky,engagement,"Shimon Warszawski and Mushky Chayempour engagement announced January 12, 2019",public_record,high,s_collive_shimon_eng,
per_chaya_brocha,engagement,"Engagement of Dovi Katz and Chaya Warszawski; L'Chaim that night (2023-01-10) - Lubavitch Yeshiva, Crown Heights",public_record,medium,s_col_katz_eng|s_anash_katz_lc|s_col_katz_lc,
per_chaya_brocha,wedding,"Wedding of Dovi Katz and Chaya Warszawski (2023-03-12) - Oholei Torah, Crown Heights",public_record,high,s_anash_katz_wed,Wedding article names weekday and publication date; date corroborated by the validation report.
per_chaya_brocha,child,"Baby girl announced Dec 3, 2025; name not published",inference,medium,s_chi_katz_baby,"Page rendering garbled; very likely this couple, not certain."
per_dovi,fact,From Crown Heights,public_record,medium,s_col_katz_eng|s_anash_katz_wed,
per_dovi,engagement,"Engagement of Dovi Katz and Chaya Warszawski; L'Chaim that night (2023-01-10) - Lubavitch Yeshiva, Crown Heights",public_record,medium,s_col_katz_eng|s_anash_katz_lc|s_col_katz_lc,
per_dovi,wedding,"Wedding of Dovi Katz and Chaya Warszawski (2023-03-12) - Oholei Torah, Crown Heights",public_record,high,s_anash_katz_wed,Wedding article names weekday and publication date; date corroborated by the validation report.
per_dovi,child,"Baby girl announced Dec 3, 2025; name not published",inference,medium,s_chi_katz_baby,"Page rendering garbled; very likely this couple, not certain."
per_hadassa,fact,Called 'Dassi Warszawski' in the notices,inference,medium,s_chi_hirsch_eng|s_anash_hirsch_lc,Dassi taken as short for Hadassa.
per_hadassa,engagement,"Engagement of Daniel (Donni) Hirsch and Dassi Warszawski; L'Chaim that night (2022-11-06) - Ulam Chana Hall (Machon Chana), Crown Heights",public_record,medium,s_chi_hirsch_eng|s_anash_hirsch_lc|s_col_hirsch_lc,
per_hadassa,wedding,"Wedding of Daniel Hirsch and Dassi Warszwaski (2023-02-02) - Oholei Torah Ballroom, Crown Heights",public_record,high,s_anash_hirsch_wed,Wedding article names weekday and publication date; date corroborated by the validation report.
per_doni,fact,"From Coral Springs, Florida; named 'Daniel' and 'Donni' in the notices",public_record,medium,s_chi_hirsch_eng|s_anash_hirsch_lc|s_anash_hirsch_wed,Matched on the couple's names plus Cleveland - please confirm.
per_doni,engagement,"Engagement of Daniel (Donni) Hirsch and Dassi Warszawski; L'Chaim that night (2022-11-06) - Ulam Chana Hall (Machon Chana), Crown Heights",public_record,medium,s_chi_hirsch_eng|s_anash_hirsch_lc|s_col_hirsch_lc,
per_doni,wedding,"Wedding of Daniel Hirsch and Dassi Warszwaski (2023-02-02) - Oholei Torah Ballroom, Crown Heights",public_record,high,s_anash_hirsch_wed,Wedding article names weekday and publication date; date corroborated by the validation report.
per_simcha,work,Nurse; graduated from nursing school around late 2023.,user_stated,medium,s_family_knowledge,
per_maimi,engagement,Engagement: Dovid Englis (London) to Maimi Warszawski (Crown Heights) (date not published),public_record,medium,s_ci_inglis,Listed on ChabadInfo; date not shown.
per_maimi,engagement,"Maimi Warszawski and Dovid Inglis engagement announced December 28, 2018",public_record,high,s_collive_inglis_eng,COLlive spells Inglis; ChabadInfo spells Englis.
per_dovid,fact,"From London, England; spelled 'Englis' in the notice",public_record,medium,s_ci_inglis,Matched on names - please confirm.
per_dovid,engagement,Engagement: Dovid Englis (London) to Maimi Warszawski (Crown Heights) (date not published),public_record,medium,s_ci_inglis,Listed on ChabadInfo; date not shown.
per_dovid,engagement,"Maimi Warszawski and Dovid Inglis engagement announced December 28, 2018",public_record,high,s_collive_inglis_eng,COLlive spells Inglis; ChabadInfo spells Englis.
per_shimon_elder,family,"Family account identifies brother Binyamin. A Social Security NUMIDENT index lists parents Joseph Warszavski and Rochel Goldberg, pending original-document confirmation.",user_stated,medium,s_family_knowledge|s_numident_szymon_index,"Parent names and spellings derive from an index, not viewed original SS-5."
per_shimon_elder,occupation,Owned Mayflower Tailoring Co. at Cedar-Center for 25 years; retired around 1988.,public_record,high,s_cjn_1995_szyman,The retirement year is calculated from “seven years ago” in a 1995 obituary.
per_shimon_elder,migration,"Born in Poland, lived in Russia during World War II, immigrated to Cleveland in 1962.",public_record,high,s_cjn_1995_szyman,
per_shimon_elder,indexed_birth_and_parents,"FamilySearch NUMIDENT index gives birth April 1, 1918 in Warsaw, Poland, and names parents Joseph Warszavski and Rochel Goldberg.",public_record,medium,s_numident_szymon_index,Derivative index extraction; not yet checked against SS-5 or birth register. Death date agrees with contemporaneous obituary. No parent nodes have been added.
per_mordechai_zelkind,family,"The 1997 monument notice calls him husband of Elka and father of Berta, Gala, Tzila and Masha.",public_record,high,s_cjn_1997_zelkind,"Do not infer sisters’ birth order, their spouses, or which grandchild belongs to which daughter."
per_mordechai_zelkind,cemetery_interment,"Zion Memorial Park register lists MORDUKH Zelkind interred September 25, 1996, section Z6 row 6 grave 110. The cemetery listing is an interment date, not a death date.",public_record,high,s_zion_cemetery_register_2026,Name and cemetery placement read directly from the cemetery-operated register; correlate with other evidence before treating names as full identity.
per_mordechai_zelkind,headstone_years,"Photographed stone appears to read MORDUKH ZELKIND, 1912-1996, with a portrait photograph.",public_record,medium,s_billiongraves_mordukh_stone,"Low-resolution site image; year-level only, not full dates."
per_mordechai_zelkind,family_notice,"The 1996 death notice names wife Elka (nee Kogen), daughters Bertha Warshawsky, Gail Zelkind, Maria Komisarchik and Celya Elin, and grandson Joseph Warshawsky.",public_record,high,s_pd_1996_mordukh,The notice does not state Mordukh’s date of death; names differ from the 1997 CJN monument notice.
per_elka_zelkind,indexed_origin_and_parents,An indexed Social Security NUMIDENT entry for Elka Kagan Zelkind lists Bobruisk (indexed Bubruysk) as birthplace and parents Isac Kaga and Tsilya Gershon.,public_record,medium,s_numident_elka_index,"Index-level lead; maiden surname and parent spellings await the original SS-5, birth or marriage record. The 1913 ""Soviet Union"" place label is anachronistic. A separate Ohio death index uses Kogan for paternal surname."
per_elka_zelkind,cemetery_interment,"Zion Memorial Park register lists ELKA Zelkind interred March 16, 2005, section Z6 row 4 grave 110. This agrees with a separate March 14 death index, but the interment date is not itself a death date.",public_record,high,s_zion_cemetery_register_2026,Name and cemetery placement read directly from the cemetery-operated register; correlate with other evidence before treating names as full identity.
per_elka_zelkind,headstone_year_conflict,"A Zion Memorial Park stone photographed with a portrait appears to read ELKA ZELKIND, 1914-2005, conflicting with a NUMIDENT index’s November 12, 1913 birth date.",public_record,medium,s_billiongraves_elka_stone|s_numident_elka_index,BillionGraves index misrenders surname Zelkino; image identification and finer inscription need close-up confirmation. Canonical birth date remains indexed and flagged as disputed.
per_elka_zelkind,birth_surname_in_notice,Kogen is printed as Elka’s maiden surname in her husband’s 1996 notice.,public_record,high,s_pd_1996_mordukh,NUMIDENT derivative gives Kagan/Kaga; Ohio index reportedly Kogan. Do not select one legal spelling without original records.
per_susanne_greenberg,family,"Married Seth Greenberg; formerly Cleveland, later Alabama, per family report.",user_stated,medium,s_family_knowledge,
per_susanne_greenberg,children,Two children; their names and ages are withheld pending a public-audience decision.,user_stated,high,s_family_knowledge,
per_marcy_hirsch,marital_status,"Never married, per family report.",user_stated,high,s_family_knowledge,
