id,partners,children,wedding_date,wedding_place,notes
uni_joe_lori,per_joe|per_lori,per_ilana|per_aliya|per_shoshy|per_yechiel|per_shimon|per_chaya_brocha|per_hadassa|per_simcha|per_maimi,,,
uni_bertha,per_bertha|per_shimon_elder,per_joe,,,Joe’s parents; Shimon is family-reported; Bertha’s maiden name unknown.
uni_larry_shaina,per_larry|per_shaina,per_lori|per_susanne_greenberg|per_marcy_hirsch,,,
uni_marinovsky,per_ilana|per_shmaya,,2012-02-28,,No public engagement or wedding notice found yet.
uni_andrusier,per_aliya|per_shmuel_yaakov,,,,
uni_chaikin,per_shoshy|per_shmuel,per_ella|per_abie|per_mika,2014-12-08,,"Ella, Abie and Mika in the order the family listed them; not a confirmed birth order."
uni_shimon,per_shimon|per_mushky,per_shimon_baby,2019-03-04,,Other children not found in public notices.
uni_katz,per_chaya_brocha|per_dovi,per_katz_baby_2025,2023-03-12,"Oholei Torah, Crown Heights","Baby girl announcement December 3, 2025 (very likely this couple; please confirm)."
uni_hirsch,per_hadassa|per_doni,,2023-02-02,"Oholei Torah Ballroom, Crown Heights",Lori's maiden name is also Hirsch. No family link between the two Hirsch families is assumed.
uni_inglis,per_maimi|per_dovid,,,,Added in a follow-up message; placed last only for that reason.
uni_mordechai_elka,per_mordechai_zelkind|per_elka_zelkind,per_bertha|per_gail_zelkind,,,
uni_susanne_seth,per_susanne_greenberg|per_seth_greenberg,,,,
