path,bytes,extension,sha256,text_source
Warszawski/03-Archive-records/Garson-table-decennale-Paris17e-MarcelEugeneJules-18nov1895-conflict.jpg,38796,.jpg,33112c05fb26c32e7b35394746c1fa4919fdfa5fee48811b676a47620fb9c853,False
Warszawski/03-Archive-records/Larry-Hirsch-Reviczky2008-pages448-450-OCR-NOT-SCAN.txt,9309,.txt,3291ea0c3c2d1ccc8c646d7a59f428c64447a6f0d04a040c166f3bc9ed2ed012,True
Warszawski/03-Archive-records/Paris-3e-block46-act355-Garcon-Valin-1864.zip,1612208,.zip,17eb6a75e10ef48ec501a9d907bf542be894d52ccf1b39f5ac5407eb9c1ed5e9,False
Warszawski/03-Archive-records/b36-jd2-death-1838-621a62ee.png,973100,.png,ebeb1b19e30992f8f221636909062b53f3d6a6ad0781bd8bbcb4287afc8c148a,False
Warszawski/03-Archive-records/garson-cpl-clippings-block.zip,937449,.zip,8eea0a84a34026dbdbcb38eb5dc6be896151bb4083a19a493abe6cd8eb63cf96,False
Warszawski/03-Archive-records/b36-marquignon-fournier-garson-1842-5fc7e81f.png,1205035,.png,ada95f19f0ace42f77715131f9859c9a4bf00b4ade6ea09152b05afb106163d1,False
Warszawski/03-Archive-records/Garson-table-decennale-Paris05e-LeonJules-1897-Gustave-1901.jpg,82233,.jpg,d89fd8f05c38edb5bac3e57cdc92f37d44dfa8e398e77a611e2040bfb018edae,False
Warszawski/03-Archive-records/Cleveland-1955-digital618-print619-Janovitz-unlinked.pdf,162463,.pdf,59cb84990e45a45cbf146013c17b8a5237caced1d099cd679d85388f9c2f907b,False
Warszawski/03-Archive-records/Garson-Eugenie-naissance-acte10-Tigery-1828.png,1126787,.png,07ed3d183a52de0308e539998db7b783c307b91b66d4d44dddf8f4f8adb48354,False
Warszawski/03-Archive-records/hersh-card-detail-203dd1b3.png,699173,.png,ae0f66629f897e3e4a57e2e17546913b627fd815ac606e3ed9f6b37ef382abde,False
Warszawski/03-Archive-records/Larry-Hersh-center-letter-2000-LEGIBLE-CROP.png,29137,.png,8c2dbc46a0e4a3f03b9f87a47e309e6f62f78eb95e2a0073cdb1f3be64ad8b6e,False
Warszawski/03-Archive-records/Warszawski-Hersh-Zelkind-CJN-1988-08-26-original-printedpage40.pdf,1585794,.pdf,08411fed1cc4755170c6352c8256d67f7e8f5fccb8e37f53ca9872212066ce19,False
Warszawski/03-Archive-records/Herskovitz-1917-NARA-unlinked.zip,1214074,.zip,d6722fbfb66edb1a08efe27a430de3dd22ffb11ac4b06aaa2e4ae055ea9fc931,False
Warszawski/03-Archive-records/b37-td2-garson-births-8d09a74c.png,750992,.png,876ef6080767b19f7531e7079a43cdd0450aa9ba1eee00f85b77efe4a5639684,False
Warszawski/03-Archive-records/Garson-Albert-AugustineAline-naissance-acte13-Lisses-1843-bot.jpg,254289,.jpg,86d627ff66c4b44c398878cddfb8256de68bf3d1fe6144a1eca7a9c87f57fc0d,False
Warszawski/03-Archive-records/Plain-Dealer-Mordukh-Zelkind-1996-09-25-original.pdf,384503,.pdf,2fb1c7859e1be0e9db1146cd04fd89f293acac5e0e81e2c11cc8c191558aecea,False
Warszawski/03-Archive-records/Paris-block48-arr01-08-lampriere-double-negative.zip,725151,.zip,3613160ffc324ae73a17cf95ac2903a027846fb78420ae9479a1a4701dbe1eb5,False
Warszawski/03-Archive-records/Garson-Louise-acte-5-Tigery-1852.jpg,328426,.jpg,8fea03c5a63ee962826c8f0c19dce34a455753f8a80b848fdb12a92910e07597,False
Warszawski/03-Archive-records/Garson-AdeleAugustine-x-Bonte-acte19-Tigery-1866-p1.jpg,251820,.jpg,7b7b5975f7d2b21de36e77a893b0efb2ac9d384c5a0d3667f6a2b493c8195d6f,False
Warszawski/03-Archive-records/Paris-block49-act457-lamperiere-waelles.zip,981648,.zip,287cedd4de1bb3400503f738a7ee0a2039a564fa3fbf7d04d0809018e6c26bb5,False
Warszawski/03-Archive-records/Garson-Adele-deces-acte19-Tigery-1850.jpg,200076,.jpg,6ad33cf234c27df1154e09b841aa019b0d291bb7263895f5c2856c8d7ea2e417,False
Warszawski/03-Archive-records/warszawski-family-tree-v1.15.json,252735,.json,560fb9d73c86a0f1c25a2ffa1343bf991519b1c926a6240ddf0465e262a0df49,True
Warszawski/03-Archive-records/Poytreneaut-CharlesMathurin-deces-acte-12-Tigery-1854.jpg,177628,.jpg,89c2d043beabc3b9b7c8acd01b56a4a031fddf14a7b639f6bbb306cc638e3e8f,False
Warszawski/03-Archive-records/Garson-table-decennale-Paris18e-D1M9-220.jpg,63117,.jpg,e5387dd1aa705babd61325f90cad3f9af447394a45d47ec5d3a4ca08d219f1ba,False
Warszawski/03-Archive-records/Mordukh Zelkind_Plain Dealer_Sep 25 1996_CPL-scan.pdf,384503,.pdf,2fb1c7859e1be0e9db1146cd04fd89f293acac5e0e81e2c11cc8c191558aecea,False
"Warszawski/03-Archive-records/Kogen, Rabbi Meyer__Plain_Dealer_published_as_THE_PLAIN_DEALER___December_9_1973__p35 (1).pdf",60147,.pdf,35d1f4fc381b9c2f96365584dd5ebf781fd600fa9d70ecc0aaac26a9848be75d,False
Warszawski/03-Archive-records/Garson-MarieFrancoiseJulienne-deces-acte-14-Tigery-1851.jpg,436506,.jpg,03923079b751d894aa66fbe5bcf8791d4c24abb70f276dfb3325c40d11e777b8,False
Warszawski/03-Archive-records/Garson-table-17e-CesarJphLsGque-30mars1868.jpg,53926,.jpg,2ad76a2e884a88065e0cfb5615a973e2062e03d31f0ed7c0a701e01c5f255e73,False
Warszawski/03-Archive-records/Garson-AdeleAugustine-x-Bonte-acte19-Tigery-1866-p2.jpg,222150,.jpg,ccb10bf1713563e13047aa48b645fffc8ec844e761f6211f87d13a1cc9024470,False
Warszawski/03-Archive-records/cloud-browser-20260925-170133-b2a7748f.png,465913,.png,da373c126fbce23bfae7931f683dacba5bd1a5e0c92ee27b4a46b0ae88be28a4,False
Warszawski/03-Archive-records/Garson-JacquesDitTheodore-naissance-acte3-Tigery-1809.png,1121164,.png,3e0a7cd821e48373d7d822862011e5175fc861d7d5494f772af5ed9c096d539c,False
Warszawski/03-Archive-records/Tigery-TD-deces-G-1843-1853.jpg,210423,.jpg,afb50895a44c3ab0074391f7f1d64c5a05deffd208b264078b5fe80c512136df,False
Warszawski/03-Archive-records/Garson-table-decennale-Paris14e-Armandine-1893.jpg,30330,.jpg,6544ab1ee555c76acf3803e816dc243c9428bd8870feae53c7481695135069c7,False
Warszawski/03-Archive-records/Garson-LouisJacques-naissance-acte11-FontenayleVicomte-1847.jpg,254315,.jpg,c32ea37610dd9ef4c4d7de37cd2170f82cb1b9a29f06d5052960e76650b7ebea,False
Warszawski/03-Archive-records/Garson-MarcelAlphonse-acte-1291-Paris04e-1902.jpg,469793,.jpg,b900adb1dc62eef2550220d7d716e729619b3b0fd4f50ff9362f298f62cc11d1,False
Warszawski/03-Archive-records/b37-td2-deaths-genm1-d289b0ef.png,494748,.png,a319d995a284f506b0e6c3520663e9eae237b0224d3717a84ee236b66f5c3fb4,False
Warszawski/03-Archive-records/Garson-Albert-AugustineAline-Lisses-TD5-row.jpg,37563,.jpg,161925b283220a52e10d74e11bd690cc9a1bde03bd62cfef4bf8e41271bf4381,False
Warszawski/03-Archive-records/Garson-FlorentEmile-acte-1115-Paris14e-1869.jpg,190431,.jpg,c0fe45105a0ecc3f2464f97705bad3ceafdb21f9bbd6ad7b505f980a35d30fdd,False
Warszawski/03-Archive-records/Garson-Armandine-acte-3741-Paris14e-1893-signatures.jpg,64348,.jpg,87479fc19154b31e7667e93d6172f113b1c8c05f3bd5166dee7c2864692ae300,False
Warszawski/03-Archive-records/Garson-table-alphabetique-Tigery-1870-Edmond.jpg,428364,.jpg,80c2dce326c0cf43c3a679d97f64ba1a4a04ecf74e072e42c13279f24856d35b,False
Warszawski/03-Archive-records/Berta-Warszawski-headstone-BillionGraves-2026-09-25.png,277719,.png,043ac410471fd9adf3f012bedf75c97f48fa863ef526933e05b3f7b208d074dd,False
Warszawski/03-Archive-records/Garson-Francoise-naissance-Tigery-1833.png,600128,.png,e53f262cb71f194318e65f080dbb0371904fadb9f2414027d627b19d057a6630,False
Warszawski/03-Archive-records/Garson-table-06e-Auguste-17aout1864.jpg,91803,.jpg,def085a4bf1a7f324f2cb72e8e9c72421272e3b6cb05b972e66340d26ccac889,False
Warszawski/03-Archive-records/Garson-Eugene-fils-acte-10-Tigery-1851.jpg,458440,.jpg,dbdad0d7ab1302e38c4eff97bbb96115ad8295e29c91424e3be3d593ab809f92,False
Warszawski/03-Archive-records/Mordukh-Zelkind-headstone-BillionGraves-2026-09-25.png,312855,.png,5429a6c84389e04bde1e0f06d2e14ee26d8aefa863e508ec3a7be3e99fbc6891,False
Warszawski/03-Archive-records/Garson-DesireLamoureux-x-Sauvage-mariage-acte7-Tigery-1834-full.png,1161473,.png,9348ee700bfa44ed9d7e9f4c4bac1bf666093bb3caacd8eda588d488652928f2,False
Warszawski/03-Archive-records/judith-dratler-cjn-block.zip,1068,.zip,f60fb832f6bbb1d04b83261ba4f145d9e7b69d61a09205352ccb38ae2c49ecfb,False
Warszawski/03-Archive-records/Paris-block-Q4-hidden-table-proof-45c642d3.zip,6726632,.zip,2c6645c73e61759c4d51991c527b0d86f5db91fc2f602708d91006c14204bba8,False
Warszawski/03-Archive-records/Garson-MarcelEugeneJules-acte-3451-Paris17e-1895-reconnaissance.jpg,443090,.jpg,39cdc09608d19d2a2b6b3069919eacb071610717e0e7148f82bbb6e72a7472e3,False
Warszawski/03-Archive-records/Garson-Sophie-naissance-acte4-Tigery-1827.png,1042261,.png,e09ec5a964ab8189d4da39d29c54760f057ff48b507b19c6e888b2cbedad939e,False
Warszawski/03-Archive-records/Garson-Clarisse-naissance-Tigery-1826.png,1214135,.png,5ce10f34712343c84b071e7158a8d725160682fc4c5a6548dbbe5497a335d056,False
Warszawski/03-Archive-records/Berta Warszawski headstone - Zion Memorial Park - FindAGrave 273776627.jpg,2001027,.jpg,6198d8ccbdf360f2b7f2e553683c17efb7344dcec1444d039b7b2ffe3dabe842,False
Warszawski/03-Archive-records/Cleveland-source-transcriptions-2026-09-30.zip,41219,.zip,777fc6c37b3de2fed4c6208f1ee45928eaa80a67a74a9528d6d160bbeeca71e5,False
Warszawski/03-Archive-records/Garson-LouisJacques-naissance-acte7-Tigery-1816.png,1179330,.png,3fe766cdc496dd62a2bf3ce957fe635cb1d056d2ac90e472fd405a746411edb2,False
Warszawski/03-Archive-records/Garson-FlorentEmile-acte-1115-Paris14e-1869-margin.jpg,129315,.jpg,8667c19830f531721d3e265c8cb427cffbf10a8a8ddefa1eefbf847e8043a6b4,False
Warszawski/03-Archive-records/Szyman Warszawski headstone - Zion Memorial Park - FindAGrave 273716163.jpg,1987407,.jpg,8b0ce9ebd0fdb0f50e15823ec991495fa7778401ae5f821f3ff0dcee6b6c4aeb,False
Warszawski/03-Archive-records/Larry-Hersh-1984-transcripts-proof-d1d79b33.zip,3213130,.zip,6958c30d0461d02dbccca6601607b4a4cbb0c91e89eac1bccdfab8127c541de0,False
Warszawski/03-Archive-records/Tigery-TD-naissances-G-1843-1853.jpg,235194,.jpg,d0a81573cb04f8b8aff03dc04d91594cfdd81f0daf44cf2854da3968246c3723,False
Warszawski/03-Archive-records/Garson-Josephine-naissance-acte1-Tigery-1820.png,671579,.png,d3d67b944139256dd1da233f090185ac82d855b96acade65f64eb9c30c4b5f13,False
Warszawski/03-Archive-records/antoine-birth-card-proof.zip,1091492,.zip,b619fd042535aeee155ee4bf0dd3f3a73242359a033e34ef6738186d71498ba4,False
Warszawski/03-Archive-records/Warszawski-Hersh-Zelkind-1988-birth-legible-crop.png,273433,.png,f274b56db8de3d454e4e5230155f600161857e8f98e342702734c3ae7e125094,False
"Warszawski/03-Archive-records/Kogen, Rabbi Meyer__Plain_Dealer_published_as_THE_PLAIN_DEALER___December_9_1973__p35 (Obit 2).pdf",97011,.pdf,b3dfa241f3d3b01e004e6a53717be8c0734c7ba5fb492a68fffc84884ea1d493,False
Warszawski/03-Archive-records/Zion-Memorial-Park-Warszawski-register-2026-09-25.png,26240,.png,9e58ee18d281443d00bba9c17c7763ce0ea578a87e42b03731e3287e0996830f,False
Warszawski/03-Archive-records/Mordechi-Zelkind-CJN-1997-09-05-original-page45.pdf,1608649,.pdf,12e80b483e32028347d917f59577f645931a505593b2568e0f3d54ec7e9d9654,False
Warszawski/03-Archive-records/Garson-Germain-naissance-1831-Ferdinand-x-Bozera.png,939424,.png,bdebadb54f4ee83937a9c64a9298377df5e14523b2c4b07f649868edb1905ebd,False
Warszawski/03-Archive-records/Larry-Hersh-CJN2008-composite-LOW-RES.jpg,7979,.jpg,0eb5d094d298557bbd5b2ec9443092f8f1e2485d8a40e99c138abd7f72423780,False
Warszawski/03-Archive-records/Paris-17e-block42-Collette-Garcon-act72-and-TD-row.zip,3340592,.zip,1b3f60fb3d50a23341854a15abbbe6bbbf69061bd4560564444afb78b8ce596d,False
Warszawski/03-Archive-records/Esther Kogen - Cleveland Press - 4.4.1960 - pg 51.pdf,444121,.pdf,dd8765459387085e4d6cc3e57069b8294bba7ad6f4281c07d16485cc3240ad34,False
Warszawski/03-Archive-records/Garson-Rognon-deces-Tigery-1830.png,711184,.png,7e522f31f72afb32a4a9cf74d6290569343ceb9abed0063eb26cbe9e17e6edcf,False
Warszawski/03-Archive-records/Aline3605-proof-d034dd5f.zip,1479697,.zip,627e7a16461956a4f11165b441703320c8f1cf7fa4bca0d3c0802464a22ab0bb,False
Warszawski/03-Archive-records/Garson-Hippolyte-naissance-acte7-Tigery-1824.png,1155864,.png,56c60093ee81c77c7fbe26541622920161d3989a2db42d18bbc444d18c5dea5a,False
Warszawski/03-Archive-records/Garson-Ferdinand-signature-1842-Tigery.jpg,99156,.jpg,dc37255920aaa3d6c4d0a232a8f7445de30ac2f73d30eab3cbe8e4921bcc1187,False
Warszawski/03-Archive-records/b36-ernest-birth-1841-db38dd4b.png,1067099,.png,0923a0e63f54c0cb408b6b63868b744dd8ca7be2aea7550f23d7baccc3a67601,False
Warszawski/03-Archive-records/Garson-Auguste-acte-2022-Paris06e-1864.jpg,180874,.jpg,1ec932505401627241df62469ece68038ee9b9c85f1f9a48ab6cb4cfef8590b5,False
Warszawski/03-Archive-records/Garson-DesireLamoureux-deces-extrait-Tigery-N1-1851.jpg,419843,.jpg,5437fc663480332ae7409dc19240b046af09dbc3ec5013775ef3983bbe35ae7a,False
Warszawski/03-Archive-records/Garson-Aline-acte-3542-Paris06e-1894.jpg,357040,.jpg,047ebadd4dbf84669e5be2693e1c3f27cc30b3a71ff513f5489812040642e1f5,False
Warszawski/03-Archive-records/M1-bride-9-20-proof-5e34d008.zip,10708044,.zip,b50863f018e47debc3ad846f29a5cb79a40a16c3c42dfb1066bf80210b672cd4,False
Warszawski/03-Archive-records/Garson-DesireLamoureux-mariage-acte7-Tigery-1834-temoins.png,701122,.png,0e88788b991b9bf8b0b56e221ff617a1fa5fabd716b3a4555d63a55ade13a725,False
Warszawski/03-Archive-records/Garson-LeonJules-acte-197-Paris05e-1897-margin.jpg,151170,.jpg,4e820869457b31741c0a21cd26fa1a28dcd6a531a3d6a2da2ba9ff4b890b46cf,False
Warszawski/03-Archive-records/Garson-AugustineAline-x-Goudot-mariage-Tigery.jpg,234470,.jpg,56a63603432136d9f5233dbdaf1aea6f39d39448ed44d9b22be46ba55b75f5b1,False
Warszawski/03-Archive-records/Cleveland-1940-digital541-print538-Janowitz-unlinked.pdf,235131,.pdf,2079daade862ef5752ef086790843486e4dada7ecee905ff110ee0ded9deaa43,False
Warszawski/03-Archive-records/Rochelle G. Horwich - The Plain Dealer - 12.30.1999 - pg 6B.pdf,505104,.pdf,4fd01f219621156703171ce7663385bfc58b87b3d84d5f022bb133b99dfa9f2f,False
Warszawski/03-Archive-records/b37-louis-joseph-1842-0b244ea5.png,997292,.png,194f39edffbbe911276d3a49a7822dfb5a0f3a3b8c354a613f83b3867f8d2be5,False
Warszawski/03-Archive-records/Garson-Albert-AugustineAline-naissance-acte13-Lisses-1843-top.jpg,284304,.jpg,1aff4bca8d0b118d46d5e9cb4c04ae9607da341674175f9695f49f34d5b621a2,False
Warszawski/03-Archive-records/Garson-Auguste-acte-2022-Paris06e-1864-parents.jpg,128184,.jpg,4139c9b661849a984ae80308312abe6e6fe29e70ff12403b221c1be005b5a8f0,False
Warszawski/03-Archive-records/Gail-Zelkind-headstone-BillionGraves-2026-09-25.png,256377,.png,8e0507be5ce72eeef836b3812803327e640b061658fda79bf933175c5a426b11,False
Warszawski/03-Archive-records/b36-hippolyte-death-1842-c89b6ddf.png,802211,.png,178e5a3e12fbaef017c8f800dfb9d920f77b4c0fbf9a6ee98c49a6247a164e33,False
Warszawski/03-Archive-records/Caroline-Beneton-1852-proof-794476fc.zip,2565707,.zip,7cf288f7ab838f393123a2f015575963104b64aa6256e83ec2f76d4412b6bc2d,False
Warszawski/03-Archive-records/Garson-Albert-AugustineAline-naissance-acte13-Lisses-1843-margin-zoom.jpg,140065,.jpg,d84c8a9b4e31716b6f5cb2928eb03f2f314d4052c1e1c26daa9de3267cded0b4,False
Warszawski/03-Archive-records/Garson-Eugene-naissance-acte13-Tigery-1813.png,1227365,.png,d142886d4f797040c1421a98a8a0afe75a992fa3277f63cffe784e5e65b760c7,False
Warszawski/03-Archive-records/Garson-Marcel-acte-5097-Paris18e-1895-V4E10322.jpg,221184,.jpg,402a2566a89cd616dbb82af01f545b6b0a1b13d222ed439950a1974d445dd027,False
Warszawski/03-Archive-records/Garson-Poytreaud-deces-Tigery-1831.png,725949,.png,d3ad7230e0870edd4c016dd1dc4feb54016c111b5571f4cde73f7ef55c398ed6,False
Warszawski/03-Archive-records/Garson-DesireLamoureux-mariage-acte7-Tigery-1834-parties.png,862323,.png,fac2c9aac252418a0795a53e38c3139d59297617d958c5cbb3bab0fd596b0e3c,False
Warszawski/03-Archive-records/Garson-table-V4E9609-Armandine-3741.jpg,150236,.jpg,f2db78c85597f86ba6ce4bcaa9006ba03d1741bfcaed8841ad7e87cc3c9d3475,False
Warszawski/03-Archive-records/Garson-table-alphabetique-Tigery-1813.png,1628024,.png,893b7b550f1f4d8fc77f9581494b4b96adf7f6bd25e319d587bf226602d2d723,False
Warszawski/03-Archive-records/Garson-ZoeVallois-deces-Tigery-1834.png,886784,.png,eb85061f3c20951d1feadbb1cd21f4c4100c52cd563c92cd1298fa83e0839c78,False
Warszawski/03-Archive-records/Garson-LouiseZoe-x-Lahire-acte-4-Tigery-1843.jpg,353637,.jpg,e925f7bc7c6ae33ac5e02d4318b3ac59727ade72b57fe1ba4ac32212417dddc2,False
Warszawski/03-Archive-records/b37-gauthier-death-1841-c9317c94.png,972138,.png,12758665de61d42a4b6305a0e9e00bd770d29e447dd7e97d04878347d036d4ef,False
Warszawski/03-Archive-records/Zion-Memorial-Park-Hersh-register-2026-09-25.png,79684,.png,916b81f707fc4b83169e45bfe0dc2acd35dd7541a648c87cffdc3397849bc147,False
Warszawski/03-Archive-records/JEM-warszawski-sweep-block22.zip,474554,.zip,39758058a73d9a43687850957edb17ddfb170acb25b773517e5a3bb408a8c5a1,False
Warszawski/03-Archive-records/Garson-Napoleon-acte-11-Tigery-1854.jpg,203093,.jpg,4c2cc8a0deea5d4b734e73321c2b134057dc58771355ee616cb7fb2be69a6ad0,False
Warszawski/03-Archive-records/Garson-JacquesSebastien-deces-Tigery-1820.png,629026,.png,348aeb9591a5a619986cd03e42edcbe45d5bc2d6b54d866a42fd4b4c8acb9a16,False
Warszawski/03-Archive-records/Garson-AdeleMarie-deces-acte15-FontenayleVicomte-1851.jpg,396415,.jpg,109f37076722b308cc1212e9bfbb7c13806e82767264b632c62dd8d88cb22a31,False
Warszawski/03-Archive-records/Garson-Augustine-naissance-acte17-Tigery-1843.jpg,207655,.jpg,2cb925d686083297f44a0c9b9e9956c39b1aa096d5c0823a30b8f974185271c4,False
Warszawski/03-Archive-records/Garson-Charlotte-acte-1182-Paris18e-1898-V4E10385.jpg,402824,.jpg,3e2e9d44006c126a01b8eeb087e99dd9f45acf7f2a1e150d6be176c548192f0a,False
Warszawski/03-Archive-records/Garson-Cesar-acte-734-Paris17e-1868.jpg,164540,.jpg,6134e215176078059db90ed474684524620f62c2f7133ae2b97ae870ef5689c8,False
Warszawski/03-Archive-records/Garson-Armandine-acte-3741-Paris14e-1893.jpg,214122,.jpg,ea027a312c6eaf682c682b7c0a657867eb3b19d1348635d06c84285da1e9c6ca,False
Warszawski/03-Archive-records/Garson-Louise-x-Forret-acte14-Tigery-1859.jpg,265867,.jpg,fac1b5d2734e9c50202943f1c88d74b4b44e998220c94e35dd51822d75280165,False
Warszawski/03-Archive-records/Garson-table-05e-ambiguous-Garsas-Garsan-augJules-1869.jpg,55226,.jpg,5a9903674195f9e9f078f263375396490b3233174b2e61c3e8e78f82ac8ebba3,False
Warszawski/03-Archive-records/Elka-Zelkind-headstone-BillionGraves-2026-09-25.png,264734,.png,99d673928b29840871b0c5fb31e62d0ee9b903546f89839bddd15b280e029f3c,False
Warszawski/03-Archive-records/Garson-table-decennale-Paris06e-Aline-1894.jpg,46971,.jpg,7fafa0d3655a4a8851c7e86a8b416aa89c4f2712b2a3b17a0693fb641748492a,False
Warszawski/03-Archive-records/Garson-temoin-JacquesDesire-Grevois-1843.jpg,79855,.jpg,54484e7f36646258ccda522008bae5287c7cff85a96a87d267b02e7a64c720e6,False
Warszawski/03-Archive-records/Viennot-MauriceAndre-acte-3520-legitimation-Gaudeau-closure.jpg,382782,.jpg,3de9cd8ab6429cb0c6e323cec68e6fa4346c52014329c61b32769a5a85d9c4de,False
Warszawski/03-Archive-records/Garson-table-FontenayleVicomte-4rows-1845-1851.jpg,72067,.jpg,237f90134958c852dbd8b5757a7b9226667c92a405b74f78b32331d5d6f11284,False
Warszawski/03-Archive-records/Huszt-Furdo-Gizela-1921-unlinked.pdf,1104611,.pdf,208349dac68cb5e9dd672f394984f1376fbc84b2370ac0a2118297449de8b6df,False
Warszawski/03-Archive-records/Garson-AdeleAugustine-naissance-acte10-FontenayleVicomte-1845.jpg,271909,.jpg,cb2679bf4e6d96b78d7b8e3570c9ac51210294050d03361e4a7f1ec827a0a62f,False
Warszawski/03-Archive-records/Larry-Hersh-young-portrait-JVN.png,438255,.png,011c4044a32c6e6a53997087010f1845ee35affe62ab226aec6bdc17a3c4298c,False
Warszawski/03-Archive-records/Kogen-Meir-Tzvi-kevarim-grave.jpg,146638,.jpg,4dc5811fd47b8e14f3b57baa09b151d7cf2dec92ed78ca19b049d23b9bdc43bc,False
Warszawski/03-Archive-records/cloud-browser-20260925-170508-99e21d2c.png,147155,.png,6fae03d1eac293b5bd9bec8fe3c4e28dc11c49d2cfd888bf71b059d2e5a9a899,False
Warszawski/03-Archive-records/Garson-MarieFrancoiseJulienne-deces-acte14-Tigery-1851.jpg,208469,.jpg,7693d20f57a36ec550ae0fd7a52cd57c07538fdecb97b53b533dfcc8f086f51e,False
Warszawski/03-Archive-records/Garson-MarieUrsuleBreton-deces-Tigery-1830.png,651988,.png,bc870a2cd099fe265dcd5aa91721afdadf8cd6ed48ba5c93440068a29ba41d11,False
Warszawski/03-Archive-records/b37-sauvage-remarriage-1842-1f50d77b.png,1023995,.png,6c5e4ef7c161054af70649dde3e2540bf602aa2be958f86149da240eb1e99159,False
Warszawski/03-Archive-records/Garson-Gustave-acte-1389-Paris05e-1901.jpg,465413,.jpg,6d8f1892bba6585b2dd83fb91d6bfd6db959881ae164d842a55f4b53f2e606a1,False
Warszawski/03-Archive-records/Garson-Adele-naissance-acte22-Tigery-1849.jpg,225175,.jpg,765bc5e9e6fe4fdbae292c24f7ee8da2a441c957b2c02ab892d805e24878b3fb,False
Warszawski/03-Archive-records/beneton-death-proof-crop-b4b4e7eb.jpg,51131,.jpg,d17eae45b4f83424396604bbdb2d32270115955d436cd80b5a4ac1fbbf74323b,False
Warszawski/03-Archive-records/Ileen Hersh_Plain Dealer_May 23 2009_CPL-scan.pdf,435527,.pdf,ffecd000eef9b0bc1903b427bebc8b50bfd88db3ae911d496981cc51cb4f2c0d,False
Warszawski/03-Archive-records/Garson-Armandine-acte-3741-Paris14e-1893-zoom3.jpg,161550,.jpg,bb150b36ede9aed82ac5000de98e22039bc0b03aac90b9134f543ec375caba8f,False
Warszawski/03-Archive-records/Pre1860-Lamperiere-cards-proof-74842ed7.zip,4974086,.zip,e40911589e37d4c6e8e9cda94f8bb15d51c79efba5020a825bad865aa16100e4,False
Warszawski/03-Archive-records/Garson-Eugenie-x-Rousseau-acte-18-Tigery-1849-witnesses.jpg,372183,.jpg,efb11d5912a3d65e5f7aecf23293b93ba5c4ec71a45a6fe6317041936173f555,False
Warszawski/03-Archive-records/Mordechi-Zelkind-1997-unveiling-legible-crop.png,283995,.png,c58aa23910096019c6659fcd6e19ec3bd546ac1ca73967ed5729ea692ae34732,False
Warszawski/03-Archive-records/Garson-Louise-naissance-acte15-Tigery-1852.jpg,182102,.jpg,1f5a759fe806d4c7b34f6ba3d19dcb424cb77a95cbe318e3a99cbfefd20d400f,False
Warszawski/03-Archive-records/Garson-Armandine-acte-3741-Paris14e-1893-zoom2.jpg,155481,.jpg,7ae182e03c889b96601d54e6c2fa6afa5bb5ddb1fee7247cc69a1584dabb4716,False
Warszawski/03-Archive-records/Garson-DesireLamoureux-deces-Paris5e-1850-transcription-Tigery.jpg,218206,.jpg,272d79ddeebae259f6fdd8b7ef439859205d9333f312751770f2c5069ea6b3ec,False
Warszawski/03-Archive-records/Garson-Aline-acte-3542-Paris06e-1894-margin-mariage-Godenne.jpg,122821,.jpg,c12c7bd1dcd09a2b95755a9fb520616b7563129d171acfda2500cf18a7da06bf,False
Warszawski/03-Archive-records/warszawski-family-tree-v1.17.json,54875,.json,09f83a053d52f3e3a8971acf29b9b172453f4a2e4748012a08f4dad953b0520b,True
Warszawski/03-Archive-records/b36-theodore-marriage-1838-84055fe1.png,970975,.png,5dea8d94342f125bf811deea74f196f956db1d613c9114066e35420db3f6fb28,False
Warszawski/03-Archive-records/Pre1860-Garson-cards-proof-a2ddc72d.zip,1397992,.zip,58788d4fc44fea7490e37708e5f14a2bc6b1a9a3fa7d47629dbfcfb8a97b3ace,False
Warszawski/03-Archive-records/Joseph Warszawski headstone - Zion Memorial Park - FindAGrave 273775046.jpg,2427054,.jpg,a3bd92f436dd20ce05230bd3b39e2a9412fb33b9059c2461aaac4038d8d93685,False
Warszawski/03-Archive-records/Garson-table-14e-FlorentEmile-14avril1869.jpg,311507,.jpg,874cd543874aee8bfdfe298a4f91e762367cd15812e0db3924e30d6927cc00e1,False
Warszawski/03-Archive-records/Garson-table-decennale-Paris04e-MarcelAlphonse-1902.jpg,63755,.jpg,45f3dac95e809764cc7a4d7b5164a47f2700b18c8486d257a228ec73f3cb1a34,False
Warszawski/03-Archive-records/CJN2000-05-26-p8-Larry-Hersh-center-letter.pdf,1464218,.pdf,2c14507828c42c1d26b71d52f0e3b7873d3987174bd38271a4bf2494e688058e,False
Warszawski/03-Archive-records/Tigery-TD-mariages-Lahire-Garson-1843.jpg,174487,.jpg,d5b04620d2136bb31d08d05bb00e971a7bfc7071031213269d2846377c586824,False
Warszawski/03-Archive-records/cloud-browser-20260925-170602-1c8c0604.png,134758,.png,d19e435deab9180ebd5005c808041913e23421fbc80455380cd8fe60f0254d5b,False
Warszawski/03-Archive-records/Garson-JacquesDesireII-deces-acte10-Tigery-1838.png,1716439,.png,f565df0794466dbac72ff69727a0b2816d9c74b23bbfceb53cc8ca4c482a9d3c,False
Warszawski/03-Archive-records/Garson-Eugenie-x-Rousseau-acte-18-Tigery-1849.jpg,417247,.jpg,6bd2e1fe3340f599b8478d36af70bb56e8cb8fdf75199ad1f621eedfcd278252,False
Warszawski/03-Archive-records/Plain-Dealer-Ileen-Hersh-2009-05-23-original.pdf,435527,.pdf,ffecd000eef9b0bc1903b427bebc8b50bfd88db3ae911d496981cc51cb4f2c0d,False
Warszawski/03-Archive-records/Garson-LeonJules-acte-197-Paris05e-1897.jpg,171950,.jpg,5eecf75a9bb6ff504512a897bcfa73fd35142144a20c811bec94cb85ea188a4f,False
Warszawski/03-Archive-records/Garson-Adele-deces-acte16-FontenayleVicomte-1850.jpg,302670,.jpg,4e9332b7a789c4694cd75831acad54594b14c97978d1b2c13e1c9c30b5a26093,False
Warszawski/03-Archive-records/szymon-1995-06f9229b.png,398082,.png,2061b93701a8b5552eb1ba5bc0e9592b38001165dbbc3c1021f429a8874efc7c,False
Warszawski/03-Archive-records/hersh-ushmm-oral-history-1984.zip,2869835,.zip,6b8fc8251d11d93a0ad234624394ba1690d58fabc739cf87313ca0f6df7e3492,False
Warszawski/03-Archive-records/Garson-Albert-AugustineAline-naissance-acte13-Lisses-1843-margin.jpg,500272,.jpg,035ec21326bc5d8945dbe151ff00bf37ca085f0ecad29af90a2e3152dbab6e4b,False
Warszawski/03-Archive-records/M1-coverage-478-a883c14e.zip,4595493,.zip,9b1ce162d6af29e63ff346a510dfceb48ee2c0042d584485cfa85fb91c500a8a,False
Warszawski/03-Archive-records/Parichi-Kogan-transcription-evidence-20260930.zip,62562,.zip,fb5e8a9458ba2d791f2580baf37c6130bafaafc6fa9d2481425a9ab91c0d2f98,False
Warszawski/05-Print-editions/The-Warszawskis-Research-Reference-Edition-2026-10-01.pdf,30763010,.pdf,5c94ad62af3faedca90e16a01ece1e906009cabc0771a579bb44c55ecc8fcb51,False
Warszawski/05-Print-editions/The-Warszawskis-Coffee-table-DESIGN-PREVIEW.pdf,1177574,.pdf,24bfe959b42de996d8f64a7a3819b7a32b466f1f0ca506cf50c6ddfbba0d0749,False
Warszawski/05-Print-editions/The-Warszawskis-Coffee-Table-Edition-2026-10-01-Reading-Copy.pdf,23065325,.pdf,0f6e26c0adc86bb826dd2daf3b6e9f01fc99c7bcbeb4bad99e7a9d0772e28a38,False
Warszawski/05-Print-editions/The-Warszawskis-Coffee-Table-Edition-2026-10-01-Print-Interior.pdf,45011517,.pdf,c2ff33df3b0bf61eef56e2578021cbaedbafa871407786b48156794ececbb3a0,False
Warszawski/05-Print-editions/Family-Coffee-Table-Editions-Editable-Texts-and-Print-Checks-2026-10-01.zip,148903,.zip,69f18ec49e78e8dfbeb760c9c854d579038191bef9934c084523345c4f01bae8,False
Warszawski/05-Print-editions/Reference-edition-notes-and-editable-text-2026-10-01.zip,111550,.zip,5d824c6383b0e4ae856ed90c5277a6f9b438d0919a262716268705782336f92b,False
Warszawski/05-Print-editions/Coffee-Table-Editions-Print-Notes-2026-10-01.pdf,108599,.pdf,de95db16c3dfe95f4d9b92ca9ddd702edd2b2f3c8fbc186c29f0d70613856c48,False
Warszawski/04-Research-notes/research-note-2026-09-28-warszawski-tigery-block35.md,4577,.md,50f64f2bf141e412b9117b6e58bebdee1f5d56c4de1044b4fc5eae94231ca12c,True
Warszawski/04-Research-notes/build-book-w-expanded-edition-script.py,53471,.py,e06c5a4e23ef9996432f34c96a8370e69392f7a5f1cb299208ba0281f38650d1,True
Warszawski/04-Research-notes/research-note-2026-09-27-warszawski-day2.md,4241,.md,0785b134b948cf9d123eaec6066c9a43abfe1fd857d2e3dfe074acd4cb218875,True
Warszawski/04-Research-notes/research-note-2026-09-28-warszawski-tigery-block31.md,2874,.md,a6c6328c91673e11577a0487c2bdadd63e8e99886b7d85f9e6491f34662ea672,True
Warszawski/04-Research-notes/RESEARCH-NOTE-warszawski-tigery-block39.md,963,.md,41e34fefa7d6d7e1c2f64283d5241b89b95812c7514b245d31751393b987810f,True
Warszawski/04-Research-notes/RESEARCH-NOTE-warszawski-tigery-block38.md,1844,.md,e7e4fdd0bc043a290d076b12562967c9d1fccb864cdd301064326ad2739d76f6,True
Warszawski/04-Research-notes/Larry-Altalena-newspaper-accounts-conflicts-2026-09-30.md,4365,.md,49ace09ff26f3ecfbebce2d08c192231cd13f8ef96a08bdd5c244813c31029e1,True
Warszawski/04-Research-notes/RESEARCH-NOTE-warszawski-paris-block44-keystone-negatives.md,7910,.md,0776fe6a720b6534b6d19c9979e527ab3bba9f5a2ad0a56e58a565a2506bfc5a,True
Warszawski/04-Research-notes/research-note-2026-09-28-warszawski-tigery-block34.md,3115,.md,6b790dbb7877ab8e86be8047e30f6652003a0f15f61d4025078d44a41c194e75,True
Warszawski/04-Research-notes/Cleveland-research-2026-09-30-interim.md,2087,.md,453f12304e9bc3136e73b7c59a939eb2174680ef9e45e8b6ad34c247d5d29b5e,True
Warszawski/04-Research-notes/RESEARCH-NOTE-warszawski-block22-jem-sweep.md,6761,.md,da2ccf8a450374a6b3c6eccb4fabc7cd42a83c13bf9c481879d71eb08ee238bd,True
Warszawski/04-Research-notes/CPL-2026-09-30-research-note.md,4944,.md,6d6fd80b51c54edc06ff3596805aeea8cb4800b89bd976e3f2bec5eda4b7b0f5,True
Warszawski/04-Research-notes/Janowitz-Cleveland-candidates-UNLINKED-2026-09-30.md,4473,.md,39d10d08fbd5107504770ad5073d8cb9f26ceb48363ecb866a977478af961359,True
Warszawski/04-Research-notes/research-note-2026-09-28-warszawski-lisses-block33.md,2881,.md,657da20efa1e408ab2c134112b779270d3adf7efe5f8e7217390df81b40c193a,True
Warszawski/04-Research-notes/RESEARCH-NOTE-warszawski-tigery1837-53-block36.md,2272,.md,9153b73cea8a24b64acae0ba05ad2c56b432a4be7f5cc199d328c6a0ea96fcaa,True
Warszawski/04-Research-notes/RESEARCH-NOTE-warszawski-tigery-td-block37.md,2181,.md,3423c3038bb51c431b985da140a6054870fc60f650842bfcde0f360cc1525ad0,True
Warszawski/04-Research-notes/RESEARCH-NOTE-warszawski-tigery-block40.md,4223,.md,65417c97141a74ebff814a51868517ecfdb8b8eeeedf90e3acac99346127a317,True
Warszawski/04-Research-notes/Larry-Reviczky-second-account-2026-09-30.md,5952,.md,edb3f162bcbf37e1b8df5a50d4d6579266b3a7510d785e51ff3906323be28ae8,True
Warszawski/04-Research-notes/research-note-2026-09-28-warszawski-fontenay-block32.md,2962,.md,262ae11cca24e5dc1791f8b25575b5e76e3cbf332d95928247bfa1db3ef05cc1,True
Warszawski/04-Research-notes/RESEARCH-NOTE-warszawski-tigery-block41.md,2903,.md,ee7b365d5c23acdb228f33ac26f45704c5def2700bcd40302dbd4a6d9d4cb590,True
Warszawski/04-Research-notes/Larry-Hersh-Cleveland-public-voice-2026-09-30.md,2406,.md,62b3386c96c5e71df0868b9fd552874e5c15af8deeb1a4844f609c0cf884dcc2,True
Warszawski/04-Research-notes/research-note-2026-09-27-warszawski-paris-garson.md,20350,.md,5b2dfd2d70b826b6aa9225aa5227911c8f350a3e4457220e74a7d8d4bbe73def,True
Warszawski/04-Research-notes/research-note-2026-09-27-warszawski-lane-b.md,2790,.md,aaecf34892abdce224ab170192f06254b0dbdeeadb9757cebe2b96d165a5a4ec,True
Warszawski/04-Research-notes/Warszawski-chat-mining-report.md,22254,.md,efee39436e89baccb4a797d77c9d56a725fc9573294c1ee8000695110448aed0,True
Warszawski/04-Research-notes/research-note-2026-09-27-warszawski-lane-b-block3.md,3203,.md,8a402549b5baee950f3597535a36571b9431f4f2fa29bbac3dd6b6fdbb19c838,True
Warszawski/04-Research-notes/Cleveland-research-2026-09-30-source-ledger.md,2958,.md,0cd108076a06ef2c35d00b5a21568dc1d8940a26b7cf83ead0aecd000f17ffc7,True
Warszawski/04-Research-notes/research-note-2026-09-27-warszawski-day2-pm.md,2693,.md,946c847070fa6830b8bf1444c9629a82ab84ff15791a2b8a556565f0aeefb524,True
Warszawski/04-Research-notes/research-note-2026-09-27-warszawski-lane-b-block2.md,4760,.md,244893ac71ee50a64e438eeff0fea3fee626f5673fa96b6bc79446e163745753,True
Warszawski/04-Research-notes/Cleveland-source-ledger-continuation-2026-09-30.md,7760,.md,342b92c4a6c937b47b1010ff1efa51a34b71dbf1e8dd5d9d9d1151a7d5f8b77e,True
Warszawski/04-Research-notes/research-note-2026-09-29-warszawski-cleveland-cpl.md,25283,.md,1d12cd953b94215b819f3645abae93e6d85d69cd66da4019fd050f2ce9a14e28,True
Warszawski/02-Tree-and-data/warszawski-family-tree-v1.9.json,158960,.json,7127a7661a7dc71392e3c897dad76fb49b1f2a7202b62d775b6cef1d8dc4ac06,True
Warszawski/02-Tree-and-data/warszawski-family-tree-v1.14.json,188315,.json,310d2420079ccd46e8e5f842faad2559b9d2eeffbfcaa349bdf01b2d20b7bc1d,True
Warszawski/02-Tree-and-data/warszawski-family-tree-v1.15.json,200847,.json,14ce7cc644d71e7a01765de04d68d1a54eb08adf8aaf2b90844e5d598f8d852d,True
Warszawski/02-Tree-and-data/warszawski-family-tree-v1.8.json,150863,.json,eb838a4adfba3cb36148fd5750d28030002e72a1dee9e78270d331f3c3ca8bbc,True
Warszawski/02-Tree-and-data/warszawski-family-tree-v1.12.json,176035,.json,6ff00c44abb39709762ea4f950981695adadb8612fe86deb8479de4062bee8aa,True
Warszawski/02-Tree-and-data/warszawski-family-tree-v1.13.json,177641,.json,b130e7750afc7b8f4d7b9a3c0473effeb45890cf4ec29396034931a2f624cd72,True
Warszawski/02-Tree-and-data/warszawski-family-tree-v1.10.json,160911,.json,2650cf0318ffa17e09e518ba2917dd971e95a18fa598bcb703050726a99888ff,True
Warszawski/02-Tree-and-data/warszawski-family-tree-v1.11.json,145167,.json,58c234948ed145ab75539bbe188b71882170fb31cac26a74e2933cec886689da,True
Warszawski/02-Tree-and-data/warszawski-family-tree-v1.16.json,247435,.json,ff4f16cde66e6d0ed8e4d8039c038220cf2d59261b1b66cc08bdff07f0341375,True
Warszawski/02-Tree-and-data/Warszawski-tree-data-working-v1.6.zip,76712,.zip,a1f2811a0cbd4c15b3c42e6475b8ddac401a75f601d905b32a277402c6f2c3b6,False
Warszawski/02-Tree-and-data/Warszawski-tree-data-working-v1.7.zip,82382,.zip,485d3b11fe7bb9f7ea3065d729bb9b9df9320e97111669450144a070e16a1fbd,False
Warszawski/01-Manuscript/The-Chaikins-family-edition-v10.pdf,8112733,.pdf,86df0adc91e19bc2d812924b2e0ee9646beb8c40228922ad48cba5b0110788d4,False
Warszawski/01-Manuscript/The-Warszawskis-family-edition-v5-backup.pdf,19986662,.pdf,e5440bfb1f1bc9051855cae814d80a591e851aaf333bbeb6921d4d8815ea73ef,False
Warszawski/01-Manuscript/Warszawski-family-history-review-2026-09-25.pdf,127442,.pdf,a982a4dc2613a6563a4e5041c6423039bbd04bbef9cc7497b7d333daa2702aaf,False
Warszawski/01-Manuscript/The-Warszawskis-family-edition-v4-backup.pdf,20230009,.pdf,e93436c4d1ece3ab48ead9d7472477427c6a604f65eba7906e4f89fe9101a743,False
Warszawski/01-Manuscript/The-Warszawskis-family-edition-v10.pdf,3161516,.pdf,ba82445e85eb2b9aa98a31dca5f133c5c0601266b07b81caf46993ee9546d427,False
Warszawski/01-Manuscript/The-Warszawskis-family-edition-v6.pdf,3159636,.pdf,e38a1e95cdd9c6abaee7c8b90c3f7f91238856ad1723365da2514fec27305f8d,False
Warszawski/01-Manuscript/The-Chaikins-family-edition-v9.pdf,23075598,.pdf,3f3eb470a15039f84f7be3dcf76ac4179955718b0f41354c4d6e07f67c974b00,False
Warszawski/02-Tree-and-data/expanded/Warszawski-tree-data-working-v1.6/warszawski-family-tree.json,135619,.json,e306229a9f3114636f8fe372940e7c20404f589c0d5ff5eec2ace9984c332533,True
Warszawski/02-Tree-and-data/expanded/Warszawski-tree-data-working-v1.6/warszawski-family-tree.mmd,2829,.mmd,ac4259ecc0c9d681f25d2158da7c2951395c8b84998b35062fcf449d7c5dc170,True
Warszawski/02-Tree-and-data/expanded/Warszawski-tree-data-working-v1.6/unions.csv,1418,.csv,c71e39f30001dba8eb90f563f98724b9255fc5829ae4ed43c7cc2eccc2f957e5,True
Warszawski/02-Tree-and-data/expanded/Warszawski-tree-data-working-v1.6/SOURCES.md,15624,.md,5ea5dd46c4204132056f1f9fb0bc7a0a93dd0b8d8be5caef0f96e4cdc91c6283,True
Warszawski/02-Tree-and-data/expanded/Warszawski-tree-data-working-v1.6/warszawski-family-tree.xml,254164,.xml,68d7b0cc36d5c67aca39069bb36d1912ccb6acf0f1a5d02fe26f9b11105bab3e,True
Warszawski/02-Tree-and-data/expanded/Warszawski-tree-data-working-v1.6/parent_child_links.csv,1438,.csv,600d704e12deb9bb9c8bf8a776785f42e828efbe519108252f23bcbd454a5805,True
Warszawski/02-Tree-and-data/expanded/Warszawski-tree-data-working-v1.6/README.md,1985,.md,6c79b96a9bbd263aa49dca0cd81ade03f2c3788d05d5b40958bafbbd665bc596,True
Warszawski/02-Tree-and-data/expanded/Warszawski-tree-data-working-v1.6/events_timeline.csv,2563,.csv,87fdd895fd410ffc3a82bdb30cc584d235cdda4f30d2395884deb9264193d966,True
Warszawski/02-Tree-and-data/expanded/Warszawski-tree-data-working-v1.6/persons.csv,5260,.csv,2d2ed2e23bd04e42422cd1ffbc6f2638221e7688d930a7afcb5fad8289a117b6,True
Warszawski/02-Tree-and-data/expanded/Warszawski-tree-data-working-v1.6/warszawski-family-tree.schema.json,3999,.json,704825dd4a2210540d5dd3cfcfb94e59c3c6fd27275782cdde409b83ba28203e,True
Warszawski/02-Tree-and-data/expanded/Warszawski-tree-data-working-v1.6/warszawski-family-tree.types.ts,1564,.ts,5fc0fb47ff9e90d6200c78b71148fbe2fc6d67a6b9f403d7738f4554ce101289,True
Warszawski/02-Tree-and-data/expanded/Warszawski-tree-data-working-v1.6/warszawski-family-tree.ged,24604,.ged,5d54c33d790436309562b088b4578c2433214f566d59e9a497eb9a8ff1d76dbd,True
Warszawski/02-Tree-and-data/expanded/Warszawski-tree-data-working-v1.6/facts.csv,15839,.csv,f1c121455cb0d988c5703005217785f35d1aec20bccd18be462b841aa246fd84,True
Warszawski/02-Tree-and-data/expanded/Warszawski-tree-data-working-v1.6/warszawski-family-tree.xsd,843,.xsd,3f2b681ada7d49d423212a9ad153a39cee164f47fc1c0ffc7a0a356b0051bdfe,True
Warszawski/02-Tree-and-data/expanded/Warszawski-tree-data-working-v1.6/sources.csv,16854,.csv,3addd64a338dcdb77391ddccc74f215f6cb086626012bdb2c4c05c9a70ff1914,True
Warszawski/02-Tree-and-data/expanded/Warszawski-tree-data-working-v1.7/warszawski-family-tree.json,143111,.json,101d50a8e67f8520c6095375fafb40f8839387607eeff4caaa2b634e18749daa,True
Warszawski/02-Tree-and-data/expanded/Warszawski-tree-data-working-v1.7/warszawski-family-tree.mmd,2913,.mmd,e4d4db63397247e8193b9239d0d680a1104f88d60692a482645b47f173440cb0,True
Warszawski/02-Tree-and-data/expanded/Warszawski-tree-data-working-v1.7/unions.csv,1435,.csv,7598132f8664416ea120eb0d7eb9b059d70691657b0dbbebdf4977433cd5a162,True
Warszawski/02-Tree-and-data/expanded/Warszawski-tree-data-working-v1.7/SOURCES.md,16980,.md,ee09a141469abf5201d593ab57f52ff27795002f65c9dcef5b15bad3a3467d13,True
Warszawski/02-Tree-and-data/expanded/Warszawski-tree-data-working-v1.7/warszawski-family-tree.xml,266317,.xml,07767e0dddc5eec0858490cedead35f83513f93fd8ed4d210b68f69b8176d52e,True
Warszawski/02-Tree-and-data/expanded/Warszawski-tree-data-working-v1.7/parent_child_links.csv,1551,.csv,9b57f1095090d3e7fd11200885bbef98c2734a350254ed5c62c6adf32cd57a6e,True
Warszawski/02-Tree-and-data/expanded/Warszawski-tree-data-working-v1.7/README.md,2100,.md,60af972c6d6ffc59efa84a726fc625b6d8bff04047dbe38fbfbd3497d1ec9143,True
Warszawski/02-Tree-and-data/expanded/Warszawski-tree-data-working-v1.7/events_timeline.csv,2563,.csv,87fdd895fd410ffc3a82bdb30cc584d235cdda4f30d2395884deb9264193d966,True
Warszawski/02-Tree-and-data/expanded/Warszawski-tree-data-working-v1.7/persons.csv,5617,.csv,6169f243e122af0f4335c499bbd46d0b0609fdbc4e266d5f9bce7a2c2892083c,True
Warszawski/02-Tree-and-data/expanded/Warszawski-tree-data-working-v1.7/warszawski-family-tree.schema.json,3999,.json,e06a8f4d997b0dd50d34e498aca5dea3fcf6ab20d3e5a2d8ae13a6a15ac09835,True
Warszawski/02-Tree-and-data/expanded/Warszawski-tree-data-working-v1.7/warszawski-family-tree.types.ts,1564,.ts,5fc0fb47ff9e90d6200c78b71148fbe2fc6d67a6b9f403d7738f4554ce101289,True
Warszawski/02-Tree-and-data/expanded/Warszawski-tree-data-working-v1.7/warszawski-family-tree.ged,26459,.ged,24d5fcb346a7a68215d80ca81548c0e54bd7cc3b87c0254c72824c7b9f1e8ba2,True
Warszawski/02-Tree-and-data/expanded/Warszawski-tree-data-working-v1.7/facts.csv,17129,.csv,f7ed87656b0b485be29d453031e6ca0dd944498ea141182b0d800b011262a7fc,True
Warszawski/02-Tree-and-data/expanded/Warszawski-tree-data-working-v1.7/warszawski-family-tree.xsd,843,.xsd,3f2b681ada7d49d423212a9ad153a39cee164f47fc1c0ffc7a0a356b0051bdfe,True
Warszawski/02-Tree-and-data/expanded/Warszawski-tree-data-working-v1.7/sources.csv,18354,.csv,640f2ab994d87e8a0e84b71d6bb6f2f2266895533f0218eb129220c9c15112ef,True
Warszawski/05-Print-editions/expanded/Family-Coffee-Table-Editions-Editable-Texts-and-Print-Checks-2026-10-01/Chaikins-image-quality-and-rights.csv,24685,.csv,c434fa1490e7ef0d0c18b0c2e35fc01d03415737cc38d9fc248beb534969f1a3,True
Warszawski/05-Print-editions/expanded/Family-Coffee-Table-Editions-Editable-Texts-and-Print-Checks-2026-10-01/The-Chaikins-technical-checks.json,80873,.json,66bd839de99aab4d9b8633a9025a8b53885376cd09421768c8942e83e0f394e8,True
Warszawski/05-Print-editions/expanded/Family-Coffee-Table-Editions-Editable-Texts-and-Print-Checks-2026-10-01/The-Warszawskis-editable-manuscript.md,183405,.md,923fe99f8f99694db7a371bbaca009acf0188224a67d3142695863f676925733,True
Warszawski/05-Print-editions/expanded/Family-Coffee-Table-Editions-Editable-Texts-and-Print-Checks-2026-10-01/The-Chaikins-editable-manuscript.txt,261624,.txt,c55dad43104754ff8184cc1edc9d80dc681b2d450fe05f977547b101f1966827,True
Warszawski/05-Print-editions/expanded/Family-Coffee-Table-Editions-Editable-Texts-and-Print-Checks-2026-10-01/The-Warszawskis-technical-checks.json,66780,.json,6958c3ce5000a3c57ff386abc9fca35dc91847e014b4b1aa87e7de93e70f5b4b,True
Warszawski/05-Print-editions/expanded/Family-Coffee-Table-Editions-Editable-Texts-and-Print-Checks-2026-10-01/README.txt,1713,.txt,40aa4e1fac93b7f16a46e3cf973afadeec5700a264da2db0ccc7a9e072ff6070,True
Warszawski/05-Print-editions/expanded/Family-Coffee-Table-Editions-Editable-Texts-and-Print-Checks-2026-10-01/Warszawskis-image-quality-and-rights.csv,8624,.csv,e9f4c436b26f26808d5c099318a640c3228413261946456296f4d9a0c5a5db0e,True
Warszawski/05-Print-editions/expanded/Reference-edition-notes-and-editable-text-2026-10-01/Chaikin-image-quality-and-rights.csv,29817,.csv,42dc9c7291e7b500ffdbbb03fe0a3f7300b9fe78f620dc73a6551a242080ac44,True
Warszawski/05-Print-editions/expanded/Reference-edition-notes-and-editable-text-2026-10-01/Warszawski-technical-preflight.json,64499,.json,ab95656bb1743369aacf5dbf38ff5129a2d2e59503be62267288ee709300d064,True
Warszawski/05-Print-editions/expanded/Reference-edition-notes-and-editable-text-2026-10-01/The-Chaikins-editable-narrative.txt,131620,.txt,13c692f7ac11ffd85ea457a72b7a128b2e3f97231894c924f4eb4750c51b9133,True
Warszawski/05-Print-editions/expanded/Reference-edition-notes-and-editable-text-2026-10-01/README-Print-preparation.txt,4030,.txt,d70e4039e9f4dbbae11038f986caa089f9b5e894c43bcf668cd6ff1a54a1720b,True
Warszawski/05-Print-editions/expanded/Reference-edition-notes-and-editable-text-2026-10-01/Warszawski-image-quality-and-rights.csv,8280,.csv,8f2b1118920a97dedbdace5dbce1b025d0803f481dfa76ac81b0d6ba3b64542a,True
Warszawski/05-Print-editions/expanded/Reference-edition-notes-and-editable-text-2026-10-01/The-Warszawskis-editable-manuscript.txt,172037,.txt,51a02f2e96c8ae186e1a3fb6add8a941bbf5130c0bc928d277fa1276be509e4b,True
Warszawski/05-Print-editions/expanded/Reference-edition-notes-and-editable-text-2026-10-01/Chaikin-technical-preflight.json,97278,.json,6f68a1110f975349c979b21eaba82555f8a19a56d19338b8547fe491b22baa4a,True
Warszawski/03-Archive-records/Unlinked-Cleveland-memorial-leads/kol-israel-memorial-2017.pdf,708350,.pdf,8622ea15c96ef650843b99f3bb45db49bfb4e032ddb7fadd4e34b5d223ba3b71,False
Warszawski/03-Archive-records/Jewishdata/READ-ME.md,497,.md,689bce99859f77c1d75fabfe67c059753668eb4c50a7ecab053b8d4eabe42191,True
Warszawski/03-Archive-records/Jewishdata/jd-377384-1-cbce5ad6.jpg,195752,.jpg,fcfd5dd3975736c398ed3e9629a689a703fe03b3b531261fde95a3f66031c66b,False
Warszawski/03-Archive-records/Jewishdata/jd-271689-1-dbd72f4e.jpg,201182,.jpg,198ec3c2f8f91c01ea02e7de023c38194b671e55a198be705dbfc28933d967ea,False
Warszawski/03-Archive-records/Jewishdata/jd-443207-1-d71b667e.jpg,188391,.jpg,0594aadad7e2de9e4cdc1e177056173858130ae81f8f417191addf5e49772e4a,False
Warszawski/03-Archive-records/expanded/Pre1860-Garson-cards-proof-a2ddc72d/1-18.jpg,159850,.jpg,b3d845fb3d5c98f8aa946c6ff2ee110e068328d639a9aed3564f236b0fd70302,False
Warszawski/03-Archive-records/expanded/Pre1860-Garson-cards-proof-a2ddc72d/note.md,1685,.md,83149ab7a666dc4b8bf7e9908d755f53b120cf9e56376c1136fd000c79cb8abd,True
Warszawski/03-Archive-records/expanded/Pre1860-Garson-cards-proof-a2ddc72d/0-34.jpg,199519,.jpg,f7b1e6e6520cb960db46168e0d8a8da94ffa87f15087bf3bd6db6906db3344c2,False
Warszawski/03-Archive-records/expanded/Pre1860-Garson-cards-proof-a2ddc72d/1-16.jpg,176937,.jpg,696c9a780e97279f0978937faca9878e3ebcaa921e32bd0cf73cb2a960d88023,False
Warszawski/03-Archive-records/expanded/Pre1860-Garson-cards-proof-a2ddc72d/1-17.jpg,162810,.jpg,9096334a1ee6168f66ae46f80937f356b826cae88b715971095f3d2a08c85b64,False
Warszawski/03-Archive-records/expanded/Pre1860-Garson-cards-proof-a2ddc72d/1-15.jpg,171214,.jpg,700992c1386e1ba676d0f8b0ed95afa0841dbe4ab1e4cd0136b9979731f83682,False
Warszawski/03-Archive-records/expanded/Pre1860-Garson-cards-proof-a2ddc72d/source-metadata.json,238745,.json,a0702fb3512705b9ec0f353b569d902de8de53079d7ff00f010773085bc4e23f,True
Warszawski/03-Archive-records/expanded/Pre1860-Garson-cards-proof-a2ddc72d/1-14.jpg,173893,.jpg,3a121b739f06df5fb6b0e4c52d55a0fc70836d468792a82be22cfe9e8c79b875,False
Warszawski/03-Archive-records/expanded/Pre1860-Garson-cards-proof-a2ddc72d/1-13.jpg,173098,.jpg,431d7ef5b8cb6a547f0056af640eb8bffc5e6537b63aa0707d1430d9003a7e36,False
Warszawski/03-Archive-records/expanded/Pre1860-Garson-cards-proof-a2ddc72d/1-12.jpg,174650,.jpg,7437d80aa0e4d3f2c74db1906c83d63f831feec8f2af0e511cfdf028b1a572f4,False
Warszawski/03-Archive-records/expanded/Paris-17e-block42-Collette-Garcon-act72-and-TD-row/b42-act72-collette-garson-1867-ae834916.png,1112418,.png,55727bae9f844bf13e90a623ec2307a2b8602784a4e91dba87c7b302207b9191,False
Warszawski/03-Archive-records/expanded/Paris-17e-block42-Collette-Garcon-act72-and-TD-row/b42-act72-temoins-3282b76f.png,1177710,.png,21477183f67a68bf769b0f58ae83e0dfcadc47ee073aea848f9bdbf14b2ed2de,False
Warszawski/03-Archive-records/expanded/Paris-17e-block42-Collette-Garcon-act72-and-TD-row/b42-td17e-garson-row-1e56c403.png,1049336,.png,4a6d25543c3bd8a0423110466465e0f4c92f4d681bc87a16af297a39d39b4d4c,False
Warszawski/03-Archive-records/expanded/Larry-Hersh-1984-transcripts-proof-d1d79b33/leah-janowitz-clip.mp3,880850,.mp3,4e1f1c3fe4676cef7ba7df31ac3b8ae6276562620e0ffbfd509a77afe1a10647,False
Warszawski/03-Archive-records/expanded/Larry-Hersh-1984-transcripts-proof-d1d79b33/five-children-clip.mp3,400850,.mp3,13602eb978379d48a4b759eb95a8567c80b3cb089cacb2caf00d15cef313a85c,False
Warszawski/03-Archive-records/expanded/Larry-Hersh-1984-transcripts-proof-d1d79b33/transcript-links.json,315,.json,b927a2c7faed48bde208d87f9c7e9ee5e67b9974426e9420fd80c812e9735a6e,True
Warszawski/03-Archive-records/expanded/Larry-Hersh-1984-transcripts-proof-d1d79b33/transcript-3.pdf,719178,.pdf,7508889a08fb08e1932c42d7229f9f5eea2a2f5e4c818eca165923290a309a3b,False
Warszawski/03-Archive-records/expanded/Larry-Hersh-1984-transcripts-proof-d1d79b33/transcript-2.pdf,726785,.pdf,15ae66210e30ae9f7c9d5a99d640fd842cc84f05255cd3ba5d514606a92f2f45,False
Warszawski/03-Archive-records/expanded/Larry-Hersh-1984-transcripts-proof-d1d79b33/transcript-1.pdf,726353,.pdf,0b38e2f221d6bfa85403c2fe3b4b8cf8a4fdacefcac05db1460fa7a71f3ea670,False
Warszawski/03-Archive-records/expanded/M1-bride-9-20-proof-5e34d008/15-21-full.jpg,377737,.jpg,f22a7071ff12f58ae2234023e9e447b9e6c82e170b5ef23339c3964b88aee4cf,False
Warszawski/03-Archive-records/expanded/M1-bride-9-20-proof-5e34d008/16-13-full.jpg,362240,.jpg,64406359df6654427f3348972ba5dc5853f35e9b0bb9eedb1378ac2ddb8a455a,False
Warszawski/03-Archive-records/expanded/M1-bride-9-20-proof-5e34d008/09-14-full.jpg,468411,.jpg,9909c92a60310671f40875239d6776dd2d401e145cdf14d4e7255f928b2a0557,False
Warszawski/03-Archive-records/expanded/M1-bride-9-20-proof-5e34d008/09-15-full.jpg,1201406,.jpg,ff3247f3e1d5c20e7bd59ac4be3ba30f95ea68a73b4e31ba707fb3d7c4b9e0cd,False
Warszawski/03-Archive-records/expanded/M1-bride-9-20-proof-5e34d008/14-17-full.jpg,424112,.jpg,fe393bc8bdd545840c2c32dd2f63ed56aa3f2a934a5650d4b9b5389958933bf5,False
Warszawski/03-Archive-records/expanded/M1-bride-9-20-proof-5e34d008/coverage-note.md,4884,.md,79bb6101ab3d5a175b9359197b10cd9f1aa39caae966ff0a16bb48bf8b8b7ffb,True
Warszawski/03-Archive-records/expanded/M1-bride-9-20-proof-5e34d008/19-19-full.jpg,390196,.jpg,710eeed8b704b0afb5dbc00b63a1779e296a8d2bbfe6ebeae9e83be3f173f518,False
Warszawski/03-Archive-records/expanded/M1-bride-9-20-proof-5e34d008/18-14-full.jpg,388925,.jpg,6af06fca4a7655e8fa982a11d16198d7979204cf9839d830d379b4eeccef5128,False
Warszawski/03-Archive-records/expanded/M1-bride-9-20-proof-5e34d008/18-15-full.jpg,370656,.jpg,3e719d2d74574a8ce281de52bfb6e03a9dd5c0563da70f3104a2ac0176431d60,False
Warszawski/03-Archive-records/expanded/M1-bride-9-20-proof-5e34d008/17-7-full.jpg,415714,.jpg,e5821cddbe399a0f3d45fdae3f718e66f9d81271ea44d2414a9d5e669d77d71b,False
Warszawski/03-Archive-records/expanded/M1-bride-9-20-proof-5e34d008/20-13-full.jpg,530800,.jpg,a1447aed27b10c91b7ab470fe30247af927dc56671f51c9225edcd71f479aa5d,False
Warszawski/03-Archive-records/expanded/M1-bride-9-20-proof-5e34d008/13-10-full.jpg,1094547,.jpg,87112aafd529da7ab0777df68888a1eb95470ed247e5d0d5ed1f3c8a02e54621,False
Warszawski/03-Archive-records/expanded/M1-bride-9-20-proof-5e34d008/12-12-full.jpg,474860,.jpg,3c7f1ecf28759f66b91e2f41b1f6f67f13810da54561f269335591b0106b97fb,False
Warszawski/03-Archive-records/expanded/M1-bride-9-20-proof-5e34d008/12-13-full.jpg,1109791,.jpg,6dc9179c9bfcf499dadc56a7f4d01ccdf2e044142a2c5aa70850de50e0bcedf5,False
Warszawski/03-Archive-records/expanded/M1-bride-9-20-proof-5e34d008/10-16-full.jpg,911873,.jpg,bae1eca7a6c4943f38255e544f7fa3b434f6f926a47c3602f839e75418ba3939,False
Warszawski/03-Archive-records/expanded/M1-bride-9-20-proof-5e34d008/15-22-full.jpg,382182,.jpg,612b4ee4f919ee7b540dc5182e71447edbf9d663c5c48ea2b9f90c165c662daa,False
Warszawski/03-Archive-records/expanded/M1-bride-9-20-proof-5e34d008/source-metadata.json,616801,.json,3f632b15659c28fcfcb9380f6df1050cbb1557aa4130c70c964da59e7cb56725,True
Warszawski/03-Archive-records/expanded/M1-bride-9-20-proof-5e34d008/11-lamperiere-dates.jpg,38533,.jpg,17b6e86c7219a23a63fa306a47f9aae3e7edb6545bdd8e9452a12544bba521ac,False
Warszawski/03-Archive-records/expanded/M1-bride-9-20-proof-5e34d008/20-14-full.jpg,542053,.jpg,404e06c7c836a3094b51cd801a3a11044020e486b378242f7064583a96a5003e,False
Warszawski/03-Archive-records/expanded/M1-bride-9-20-proof-5e34d008/11-12-full.jpg,1252936,.jpg,f77c7fdf10f1575329c985147f2fa107ff8cd1b20e5897ee8807232f7d3a57ae,False
Warszawski/03-Archive-records/expanded/Parichi-Kogan-transcription-evidence-20260930/parichi-kogan-transcriptions-a34430dd.txt,1826,.txt,2f5aa664d10973fed6288a970ece5e79ee24db57b68801816fc23a234f76d6bd,True
Warszawski/03-Archive-records/expanded/Parichi-Kogan-transcription-evidence-20260930/cloud-browser-20260930-142500-879a4064.png,67856,.png,33bc5d52643289fe77f9309fcfe3c4b64556c9938ab89c84fef251781761c092,False
Warszawski/03-Archive-records/expanded/garson-cpl-clippings-block/Pearl-Garson-1973.pdf,440197,.pdf,c6af6d7ef5c1cc30a7ae2c1d3f4ad68217d769b3b58193e69f6bd61daf02fb50,False
Warszawski/03-Archive-records/expanded/garson-cpl-clippings-block/Victor-Garson-1978.pdf,511155,.pdf,0c8347a0cf849edbcf7e661aad25e1fcffbe03dbdfa1194efb5f43ee2dbb6db3,False
Warszawski/03-Archive-records/expanded/garson-cpl-clippings-block/NOTES.md,2423,.md,5d3601e5b51d71ec9492459d23d1cdf1295196d788858da716a89e1f9e5c64e9,True
Warszawski/03-Archive-records/expanded/Cleveland-source-transcriptions-2026-09-30/altalena-khust-index.txt,28395,.txt,2235138b3a70de3b844e55759575aa3b18e4df66c63955ce1664b0f5cdb19989,True
Warszawski/03-Archive-records/expanded/Cleveland-source-transcriptions-2026-09-30/herskovitz-five.txt,8720,.txt,2223cacc8171cc120f3ddf82048435f663a01909621e15b72f02a3485be792f8,True
Warszawski/03-Archive-records/expanded/Cleveland-source-transcriptions-2026-09-30/larry-veterans2004.txt,12098,.txt,62675ca9990f6a2425d70a32980e4f24c9008a4cf367ba337c206e367e3283ae,True
Warszawski/03-Archive-records/expanded/Cleveland-source-transcriptions-2026-09-30/fuchs-sources.txt,37524,.txt,1f64a28099c3a08b485b6630fafe963ded191762ac0d20b72d9e93c8f90b4080,True
Warszawski/03-Archive-records/expanded/Cleveland-source-transcriptions-2026-09-30/book469.txt,2938,.txt,eeb64b92cec58bf634c44d77e2ef06432058bf55facfd9165c00624471630d1c,True
Warszawski/03-Archive-records/expanded/Cleveland-source-transcriptions-2026-09-30/book470.txt,3060,.txt,5bc12f0f1fb64cae5bf411cbce109e9e696a6f1e721dd51696c8203388b296a5,True
Warszawski/03-Archive-records/expanded/Cleveland-source-transcriptions-2026-09-30/larry-learn-letter.txt,5119,.txt,aa546a907b9accce94345a78b79ad196f952bc6efe69f995c1bb5023e6ece6f3,True
Warszawski/03-Archive-records/expanded/Cleveland-source-transcriptions-2026-09-30/book471.txt,3311,.txt,625eea13da80456350d5e59f138d4dd1af2ad43f222bc76244ca09a6bfea70a2,True
Warszawski/03-Archive-records/expanded/Cleveland-source-transcriptions-2026-09-30/yanowitz-five.txt,7347,.txt,b6a29e739f020a179ff899cc5f369652cf62b614cda6081c78f2472772d2c7a2,True
Warszawski/03-Archive-records/expanded/Cleveland-source-transcriptions-2026-09-30/janowitz-extra-notices.txt,6206,.txt,4d79025e1b4f0a3f9c9a2a7fed799e5b0e1911265a714eb9dc66d95a978128fe,True
Warszawski/03-Archive-records/expanded/Cleveland-source-transcriptions-2026-09-30/herskovitz-five2.txt,8113,.txt,da3a6b5853cedf262438b21bf2c58596d3b431ce5b54045023b93c2f7d6da17e,True
Warszawski/03-Archive-records/expanded/hersh-ushmm-oral-history-1984/hersh_sum.txt,3714,.txt,a9a9aeb39787e08418afe1b026602a46fc05f2644a388ce570fad9f56b318377,True
Warszawski/03-Archive-records/expanded/hersh-ushmm-oral-history-1984/ushmm_hersh.html,1637778,.html,b73a4173ed3aa1eb4b5cbf1ae5decd4207a72d4ab394db52b6d1e1617c82ed82,True
Warszawski/03-Archive-records/expanded/hersh-ushmm-oral-history-1984/hersh_sum.pdf,654290,.pdf,1abb8dc0285cbccce5766ba5795a7ed6c42e61c5a44a54569e391a9ca3e4f7c0,False
Warszawski/03-Archive-records/expanded/hersh-ushmm-oral-history-1984/hersh_01.pdf,726353,.pdf,0b38e2f221d6bfa85403c2fe3b4b8cf8a4fdacefcac05db1460fa7a71f3ea670,False
Warszawski/03-Archive-records/expanded/hersh-ushmm-oral-history-1984/hersh_03.pdf,719178,.pdf,7508889a08fb08e1932c42d7229f9f5eea2a2f5e4c818eca165923290a309a3b,False
Warszawski/03-Archive-records/expanded/hersh-ushmm-oral-history-1984/hersh_02.pdf,726785,.pdf,15ae66210e30ae9f7c9d5a99d640fd842cc84f05255cd3ba5d514606a92f2f45,False
Warszawski/03-Archive-records/expanded/hersh-ushmm-oral-history-1984/hersh_03.txt,42674,.txt,e49fad80ee32e4100d27331c02c488edef1f557903129e61dcb908b9b22ebf7c,True
Warszawski/03-Archive-records/expanded/hersh-ushmm-oral-history-1984/hersh_02.txt,48003,.txt,b879f50db31c813895c3b6c2a125bd2edaf4451f755a9e34a0e6f02898d3e3fe,True
Warszawski/03-Archive-records/expanded/hersh-ushmm-oral-history-1984/hersh_01.txt,46790,.txt,8a154ac0a742b2633c97c25e9d1f79e8f777dce1a5ad38cf8000643f46001650,True
Warszawski/03-Archive-records/expanded/warszawski-family-tree-v1.17/warszawski-tree.json,283424,.json,8128581e35e23d4deac8dc156a1ec901b160568887ed2dd30d40b600b202fd53,True
Warszawski/03-Archive-records/expanded/Caroline-Beneton-1852-proof-794476fc/0-22-full.jpg,447192,.jpg,f8640e4d267cea8dc0b487e80e158f8147f9c4680e6d00d515803699fb21472f,False
Warszawski/03-Archive-records/expanded/Caroline-Beneton-1852-proof-794476fc/marriage-card.jpg,211696,.jpg,19a46bf7aca86bc027ebdc0ba95d8cd7db268756041edf05ce050f8a5e77bdbf,False
Warszawski/03-Archive-records/expanded/Caroline-Beneton-1852-proof-794476fc/note.md,2178,.md,55a64b373e7d9678d43d412dbaeb8ba80c07b06e4c9468c28deaadce7bb9c57c,True
Warszawski/03-Archive-records/expanded/Caroline-Beneton-1852-proof-794476fc/application-crop.jpg,109017,.jpg,a648f3bfa7630a7d70e762ea87512318c1275f3f2b000a49442c7c505975565d,False
Warszawski/03-Archive-records/expanded/Caroline-Beneton-1852-proof-794476fc/0-20-full.jpg,398374,.jpg,f4c3eb1e70e2bcadbae47dd4eea98a90a4875802c23be149c58f216f0a1ccc83,False
Warszawski/03-Archive-records/expanded/Caroline-Beneton-1852-proof-794476fc/0-21-full.jpg,437678,.jpg,486bc48b118cbfbe1f6d2bf645a5bdccfb8787b17475e3e37fc9bb667bd2659b,False
Warszawski/03-Archive-records/expanded/Caroline-Beneton-1852-proof-794476fc/0-19-full.jpg,430061,.jpg,c2a95a144dd5dcaa3e4ad5f8d875eb8201175152553d449ac6f013fa32cb2196,False
Warszawski/03-Archive-records/expanded/Caroline-Beneton-1852-proof-794476fc/0-18-full.jpg,569962,.jpg,991eb5d6ca0610df489bfb944f9f4980134ed8d177929adaa4aa5389d62ae3ac,False
Warszawski/03-Archive-records/expanded/JEM-warszawski-sweep-block22/jem-2085414-shmuli-andrusier-5cheshvan5749.jpg,19910,.jpg,8e916743618aaa0f50e6f0272da93e59d27647723193169c2721e09a5abfb6a5,False
Warszawski/03-Archive-records/expanded/JEM-warszawski-sweep-block22/jem-227266-shmuly-andrusier-6tishrei5750.jpg,124066,.jpg,f086752b77f4ca64e0894635f233e9eb151bbd3193ddac3ac1f71c967a8d1e41,False
Warszawski/03-Archive-records/expanded/JEM-warszawski-sweep-block22/jem-2026661-leah-aliya-warszawski-15teves5752.jpg,34117,.jpg,8beba49cfab288e70bcd620de4981195834d34500e21269057b6f95bcb3050f3,False
Warszawski/03-Archive-records/expanded/JEM-warszawski-sweep-block22/jem-2026660-leah-warszawski-15teves5752.jpg,30025,.jpg,c22fa99bd9879fecf7b6f2dcf1ffcad1b9c006221d3c7a57b12640dc37c8365d,False
Warszawski/03-Archive-records/expanded/JEM-warszawski-sweep-block22/jem-224263-shmuly-andrusier-28elul5749.jpg,131376,.jpg,b0816ea51c1294e3daea254d569af0d164abaa31b6d8e53218cad824ac7074b1,False
Warszawski/03-Archive-records/expanded/JEM-warszawski-sweep-block22/jem-47035-shmaya-marinovsky-3sivan5750.jpg,134713,.jpg,ab2f1034d69dd853efe8a69917ad861453868964bf47394fab878da0c815c30b,False
Warszawski/03-Archive-records/expanded/JEM-warszawski-sweep-block22/README.txt,2549,.txt,43221dd0ac21dbdebb1cddae95417d6dcdd543935d8a61c0743924e2dd255614,True
Warszawski/03-Archive-records/expanded/judith-dratler-cjn-block/judith-dratler-cjn-2025.md,1520,.md,0f84b8df6122ecda08442e8d942081cca2652e1cc0d912674fef0329205fe5f7,True
Warszawski/03-Archive-records/expanded/Herskovitz-1917-NARA-unlinked/nara-4478-p124.jpg,302579,.jpg,c09354ac47398d976c9dac9fcfa094474d9306570f7ce00cee6711a6aeb4e0c3,False
Warszawski/03-Archive-records/expanded/Herskovitz-1917-NARA-unlinked/nara-4478-p123.jpg,328475,.jpg,b28898eec7a76f57a30a87878fa2d6c00f1cb7eaa16ed7697581d15f37fdbb18,False
Warszawski/03-Archive-records/expanded/Herskovitz-1917-NARA-unlinked/nara-4478-p122.jpg,581524,.jpg,43edc1d08a110c75d028ef3efefa404b85788183f3b4f659bbfb0884648dcf59,False
Warszawski/03-Archive-records/expanded/Herskovitz-1917-NARA-unlinked/Herskovitz-1917-NARA-source-note.md,992,.md,cbf41a5a06e18d3b0527bd19805f678baeeb1a5adedb92665cbd124ba88b68af,True
Warszawski/03-Archive-records/expanded/Pre1860-Lamperiere-cards-proof-74842ed7/0-28.jpg,252219,.jpg,84c894ae2fb56d51b2dbcb682e539739c69094d7a7a2052e7ea27969a65d4b49,False
Warszawski/03-Archive-records/expanded/Pre1860-Lamperiere-cards-proof-74842ed7/0-14.jpg,245194,.jpg,55f96bc7b480822fdf08519f8471c3109e3d5623f4d5133671f8bd8e47c26bc5,False
Warszawski/03-Archive-records/expanded/Pre1860-Lamperiere-cards-proof-74842ed7/note.md,2594,.md,ccceaef875bb7a0e8ee6c500a5d07d81d00ddacd414942335409cb7e208084d8,True
Warszawski/03-Archive-records/expanded/Pre1860-Lamperiere-cards-proof-74842ed7/0-15.jpg,218178,.jpg,541288aca17ec35f74356e08d8e87f62df1c5c8fc406879d8d568f631526d9af,False
Warszawski/03-Archive-records/expanded/Pre1860-Lamperiere-cards-proof-74842ed7/0-29.jpg,297874,.jpg,635b2d6c6e428586b6b949f55cbcd137f6869b1767103ba31865bfb56801fd6b,False
Warszawski/03-Archive-records/expanded/Pre1860-Lamperiere-cards-proof-74842ed7/0-17.jpg,284320,.jpg,66c66ad3067a44a3d902b2e8ba9bed6a09845de4a9c158512f742be70ac30da2,False
Warszawski/03-Archive-records/expanded/Pre1860-Lamperiere-cards-proof-74842ed7/0-16.jpg,232975,.jpg,200725d9a2ce99df133365a03f866f67133a6aa498dbccf23c4f6855ff07b23a,False
Warszawski/03-Archive-records/expanded/Pre1860-Lamperiere-cards-proof-74842ed7/0-13.jpg,237777,.jpg,d65b5dd364eb740304fbf461a0747d937821734ad28bfb616af10f61a955ae6d,False
Warszawski/03-Archive-records/expanded/Pre1860-Lamperiere-cards-proof-74842ed7/0-21.jpg,211696,.jpg,19a46bf7aca86bc027ebdc0ba95d8cd7db268756041edf05ce050f8a5e77bdbf,False
Warszawski/03-Archive-records/expanded/Pre1860-Lamperiere-cards-proof-74842ed7/0-20.jpg,249239,.jpg,c2d8b607cfaded09df042aaa1afccdec2d9bfef1ff16afd685eab2330c38f6ea,False
Warszawski/03-Archive-records/expanded/Pre1860-Lamperiere-cards-proof-74842ed7/0-22.jpg,224285,.jpg,60e311d0275d4cc95f9e68b2ff4933814117105d1564869ca513f43266eb7c01,False
Warszawski/03-Archive-records/expanded/Pre1860-Lamperiere-cards-proof-74842ed7/0-23.jpg,219150,.jpg,129c886e39227b068444a516494ddad071460d84b5d5378f0a10c78860d97ec6,False
Warszawski/03-Archive-records/expanded/Pre1860-Lamperiere-cards-proof-74842ed7/0-27.jpg,246088,.jpg,ecebf70c4415d42bed7e21fa133c4b6e319c8013ee000eda331efef1108c4ccb,False
Warszawski/03-Archive-records/expanded/Pre1860-Lamperiere-cards-proof-74842ed7/0-32.jpg,255156,.jpg,355ede2608aaacda4c1ca82b75fecb1b537d157548894407cfd094f3023a8058,False
Warszawski/03-Archive-records/expanded/Pre1860-Lamperiere-cards-proof-74842ed7/0-26.jpg,233705,.jpg,de355aef946132b1c175e1fdd861040ea3f507bdb62e7cba8fbdcb6d7a6a458e,False
Warszawski/03-Archive-records/expanded/Pre1860-Lamperiere-cards-proof-74842ed7/Delphine-birth-card.jpg,112917,.jpg,25e446998e1bea29d8b0a72de89b2c1dfaef14dab34cd88fe61a23902546f908,False
Warszawski/03-Archive-records/expanded/Pre1860-Lamperiere-cards-proof-74842ed7/0-30.jpg,239544,.jpg,69e865f21e8c1d5db7711010fa0cff8347d8afe4b3c1100cc3ab956aaf94a76e,False
Warszawski/03-Archive-records/expanded/Pre1860-Lamperiere-cards-proof-74842ed7/0-24.jpg,228262,.jpg,38f40f43f35cc9c80f4fb52293446211cf1c5f16a0826bc6ad2f4dab405d3908,False
Warszawski/03-Archive-records/expanded/Pre1860-Lamperiere-cards-proof-74842ed7/0-18.jpg,280837,.jpg,66c3d26ba7df20e97862bb2f3e25910a2e0a880b39593886e61a997eb13eaeeb,False
Warszawski/03-Archive-records/expanded/Pre1860-Lamperiere-cards-proof-74842ed7/0-19.jpg,243952,.jpg,0435153684909d6ee8b610fbd6623e147594a2a8a85de96c64464cf88dde47e6,False
Warszawski/03-Archive-records/expanded/Pre1860-Lamperiere-cards-proof-74842ed7/0-25.jpg,225843,.jpg,a2e5b3a154762aeb18b39fca48cca03889f0736b98c0a70bbc2bcae214829182,False
Warszawski/03-Archive-records/expanded/Pre1860-Lamperiere-cards-proof-74842ed7/0-31.jpg,242553,.jpg,e316ed22a2b7d8c92aeef62f74e8d7be711d055a8b1d601ac42a5852b056dd37,False
Warszawski/03-Archive-records/expanded/Paris-3e-block46-act355-Garcon-Valin-1864/b46-act355-garcon-valin-mid-794cd34e.png,267731,.png,debcf2b7d76aa0680db72a7028799224ee765b392db759828e2b511444a0de3d,False
Warszawski/03-Archive-records/expanded/Paris-3e-block46-act355-Garcon-Valin-1864/b46-act355-garcon-valin-top-a8ce4f9b.png,240314,.png,1aeb1f30ab44acaf83e788e0f7322b39625cf055796819011f9edd035d58a76d,False
Warszawski/03-Archive-records/expanded/Paris-3e-block46-act355-Garcon-Valin-1864/b46-act355-fullpage-b35d4839.png,528526,.png,bf049e5375ae4fdb5ba688ce044c3f20a14ef436c0fec025b6717328410c50d4,False
Warszawski/03-Archive-records/expanded/Paris-3e-block46-act355-Garcon-Valin-1864/b46-arr07-garson-pauline-376017d6.png,281529,.png,adffa802447dafc4e15a2d877f2cc127f15b8b922401003dc23ebf5430d18ae8,False
Warszawski/03-Archive-records/expanded/Paris-3e-block46-act355-Garcon-Valin-1864/b46-act355-garcon-valin-bot-598f7c2b.png,292808,.png,01a717906ad35d047b01756f046e651ef894cb5be46df5cdca608421b975ba8a,False
Warszawski/03-Archive-records/expanded/Paris-block48-arr01-08-lampriere-double-negative/paris-2e-Lamperiere-row.png,184698,.png,948c43dd0c12573779147115a42bf3f779a81901bd12344685479a5856b65906,False
Warszawski/03-Archive-records/expanded/Paris-block48-arr01-08-lampriere-double-negative/README.md,1277,.md,a83d7d638e35943510b5aaa849f80790431bd5f27db04879d5baf604b4629233,True
Warszawski/03-Archive-records/expanded/Paris-block48-arr01-08-lampriere-double-negative/paris-5e-Lam-band-full.png,539055,.png,d3893397700fcdbe6bf6e616292f4d8b48322a6ed6a33d9521629f939b89a64b,False
Warszawski/03-Archive-records/expanded/Paris-block49-act457-lamperiere-waelles/act457-lamperiere-waelles-1860-full-spread.jpg,767621,.jpg,daff3e3916e9fab5ae171ffa947b3fd5826dd28d48f224b08ab1e966eaea0f32,False
Warszawski/03-Archive-records/expanded/Paris-block49-act457-lamperiere-waelles/act457-marbel-zoom.png,215221,.png,c085e33d2377c9cddf3c8f60878cfbacff419198ec183675f0f72a3684b1a787,False
Warszawski/03-Archive-records/expanded/Paris-block49-act457-lamperiere-waelles/README.md,1377,.md,e59693a047c18bf431ec5981116b05bfa79b962697420bb685d2e0fa6520740e,True
Warszawski/03-Archive-records/expanded/antoine-birth-card-proof/garson-antoine-joseph-birth-card-1832.jpg,199519,.jpg,f7b1e6e6520cb960db46168e0d8a8da94ffa87f15087bf3bd6db6906db3344c2,False
Warszawski/03-Archive-records/expanded/antoine-birth-card-proof/garson-antoine-joseph-birth-act-1832-reconstituted.jpg,389012,.jpg,5090d17d380e5a6b6fa2f5d7a87095265258dc516091e1ab9b31e0486a7877f6,False
Warszawski/03-Archive-records/expanded/antoine-birth-card-proof/garson-antoine-joseph-military-1853.jpg,504629,.jpg,bdaa71df2988dc250fce3e06d5573ce8d766fe7abde89d16ad9753aa542b7f0a,False
Warszawski/03-Archive-records/expanded/Aline3605-proof-d034dd5f/aline3605-proof/aline-bride-field.jpg,57776,.jpg,e32de3a06806ea235af004966a758850f8cfd549aac066663d772237ebff011b,False
Warszawski/03-Archive-records/expanded/Aline3605-proof-d034dd5f/aline3605-proof/aline3605-full.jpg,902859,.jpg,aef9c1e990c2e5a7750aea40f8b58bae81f619ce44979d40c15d24af0e19a65f,False
Warszawski/03-Archive-records/expanded/Aline3605-proof-d034dd5f/aline3605-proof/aline-groom-field.jpg,74062,.jpg,e800cbedecf1d85366be9e883e546f8d2c8888e83dcc8981ad297756555a5fe6,False
Warszawski/03-Archive-records/expanded/Aline3605-proof-d034dd5f/aline3605-proof/aline-witness-field.jpg,51016,.jpg,c7648ee5cfe28273fc3792afb668555d8b6103fa80946bb683a29e5996090bc2,False
Warszawski/03-Archive-records/expanded/Aline3605-proof-d034dd5f/aline3605-proof/transcription.md,3687,.md,62e0e8b7350714242d34384ba67ed3f645fdb3b0819651f63b05a6bd50dd266b,True
Warszawski/03-Archive-records/expanded/Aline3605-proof-d034dd5f/aline3605-proof/aline3605-act.jpg,266078,.jpg,ba981b07a945b4966a356da3480765570773e2bb3611775a7e3439352760fa1b,False
Warszawski/03-Archive-records/expanded/Aline3605-proof-d034dd5f/aline3605-proof/aline-parents-zoom.jpg,127595,.jpg,2ce9031a74ee029671a353766469d5fe6fee602c5e19a899df0386ea60e5a9d2,False
Warszawski/03-Archive-records/expanded/Paris-block-Q4-hidden-table-proof-45c642d3/q4-proof/q4-final-names12.jpg,150253,.jpg,d3b5a24e094ee5b1837364d0567dfeb81635e1d32e321e4a2887ee447d9fde29,False
Warszawski/03-Archive-records/expanded/Paris-block-Q4-hidden-table-proof-45c642d3/q4-proof/q4-table-24.jpg,945543,.jpg,eff6fbb9b822adc1bf869092535c6289eae52fb58a49128bd54026852453a4fb,False
Warszawski/03-Archive-records/expanded/Paris-block-Q4-hidden-table-proof-45c642d3/q4-proof/q4-table-25.jpg,736654,.jpg,ad3efa2e79f2d47e61e23b5bae6a5f1904d1944deb62c7a10b09c0c0b681138a,False
Warszawski/03-Archive-records/expanded/Paris-block-Q4-hidden-table-proof-45c642d3/q4-proof/q4-table-21.jpg,988281,.jpg,a3666dceb579ae6392d9580afc08b875c6f8b90c2069a3db3f07db87d8262d54,False
Warszawski/03-Archive-records/expanded/Paris-block-Q4-hidden-table-proof-45c642d3/q4-proof/q4-1024.jpg,884167,.jpg,6cb3a13cee92b67f8b8e5bcb96202fafdde8a5585826cb37daa36e5096897fb0,False
Warszawski/03-Archive-records/expanded/Paris-block-Q4-hidden-table-proof-45c642d3/q4-proof/q4-1019.jpg,887167,.jpg,4276b5bab154e1615855fd0cff9c3723ec48451a061caf1d2506a66d928db8ad,False
Warszawski/03-Archive-records/expanded/Paris-block-Q4-hidden-table-proof-45c642d3/q4-proof/q4-table-22.jpg,948888,.jpg,9eb6f8b4afc6b8190fff0dbbe48013c68c0c9dd61ae7e9798c1052639d700d07,False
Warszawski/03-Archive-records/expanded/Paris-block-Q4-hidden-table-proof-45c642d3/q4-proof/q4-table-23.jpg,927271,.jpg,0ae264f3481a236b471e3488f0fceaf6a8ffedfd4c909b115117d7e7be034dd2,False
Warszawski/03-Archive-records/expanded/Paris-block-Q4-hidden-table-proof-45c642d3/q4-proof/q4-final-names24.jpg,159657,.jpg,66c40e7fa96dc0b6c7b70ee74bc014cb28de8ea6cabe2b434e2b47a3f05741fc,False
Warszawski/03-Archive-records/expanded/Paris-block-Q4-hidden-table-proof-45c642d3/q4-proof/README.txt,684,.txt,d25d0fc2571e03cc7d2ce7b28df8e41b23765a8d33796c3a6f85f28da48e6b1a,True
Warszawski/03-Archive-records/expanded/Paris-block-Q4-hidden-table-proof-45c642d3/q4-proof/q4-final-names0.jpg,159982,.jpg,76d2f5da5d56ed1374097af01dffc0723b0bf442afe38220c564f6c407dc7bec,False
Warszawski/03-Archive-records/expanded/M1-coverage-478-a883c14e/m1-audit/04-8-full.jpg,931962,.jpg,2053deceef7dd92136f68bb0b02ebcf0787545612c3d64bcbb96889f4e0e080b,False
Warszawski/03-Archive-records/expanded/M1-coverage-478-a883c14e/m1-audit/04-9-full.jpg,941334,.jpg,31616d5a3a3a5bc6fa0a2f8199c30f2ddcf4946bd0e660c0dd22657af4e19098,False
Warszawski/03-Archive-records/expanded/M1-coverage-478-a883c14e/m1-audit/coverage-note.md,1227,.md,b0b4b580e6e767cc730646b40eb928ed0a50dd2e48e063d072370309ca5bd226,True
Warszawski/03-Archive-records/expanded/M1-coverage-478-a883c14e/m1-audit/08-6-full.jpg,899707,.jpg,127c6b0e9c727eb8dc4a3268cad4bf9b2a82375d127ec10bacc303ddba5c3124,False
Warszawski/03-Archive-records/expanded/M1-coverage-478-a883c14e/m1-audit/08-5-full.jpg,907945,.jpg,334ef49be3c68ec1a40e3ce647e1bef4e40e9e3ecd699ea1b76c9ee719331ff9,False
Warszawski/03-Archive-records/expanded/M1-coverage-478-a883c14e/m1-audit/07-8-full.jpg,943269,.jpg,c509747bd4fe9f0683913618f06d5fbd2b0264a6e4b745af0577fe7a95facb46,False
Family-History-Shared/00-Index/START-HERE.md,22985,.md,14fcf5bd49c02b003d39cf269749be61f332a80152afc1cabbd66bde46fef118,True
Family-History-Shared/00-Index/FILES.csv,145036,.csv,3c8105f078e7d51ba3108aa4862aedcf100ed3b4809ca572dcdff88140d495fc,True
Family-History-Shared/00-Index/SOURCES.csv,64037,.csv,260ac2b5cd333579ef85720e8347e05b0fdbd3ad2d05d39ec6d08ff565249513,True
Family-History-Shared/03-Cross-family/01-Original-images/image-e2e3d19c.jpg,334030,.jpg,d9472a373bd8dc6ffcac6c57da5c699323ad7704c6462e76a29d4a79f187e57d,False
Family-History-Shared/03-Cross-family/01-Original-images/image-26f05df6.png,1836934,.png,b3768148a307083c676e1ff15d7356019c496098d4c8d3d66194c725aecb4594,False
Family-History-Shared/03-Cross-family/01-Original-images/image-0fae1361.jpg,152485,.jpg,8030ee9bd567231d2b2a0ea7c8b872dbc994339addc51f0c77a42915e9d0a87e,False
Family-History-Shared/03-Cross-family/01-Original-images/tree-hero.png,3084870,.png,3595a6b7c49a3eb5155e6ea2f7ba8bcefff3ffb9aaafbba70fdc08ffc7974958,False
Family-History-Shared/03-Cross-family/01-Original-images/image-5c1750b5.png,2628787,.png,8062fabfdf5df73502a8dfa4ae01c659693d69ae8127a6a160a95adca837b11e,False
Family-History-Shared/03-Cross-family/02-Earlier-editorial-proof/Earlier-combined-editorial-proof-SUPERSEDED.pdf,4485167,.pdf,2b046ffef82de2fc3c22d9bd83031fdec325bf14481a36caab61d3147ee7d017,False
Family-History-Shared/03-Cross-family/03-Unlinked-research-leads/Jewishdata/jd-1416321-2f9d3284.pdf,2233731,.pdf,2e251651f7f911a220aa326da1228604370568c95393cef9814472e47fdf6d3a,False
Family-History-Shared/03-Cross-family/03-Unlinked-research-leads/Jewishdata/jd-1094925-1-ad040c4f.jpg,1020326,.jpg,084109e1eadd0113c555552b827931e1a1dd5a0af71d4d46e5e5d36119209bce,False
Family-History-Shared/03-Cross-family/03-Unlinked-research-leads/Jewishdata/jd-897951-827e6e11.pdf,1551936,.pdf,e3384121496ba74ae8757a12e7f6d015601c71cdacee5f306dc7e560452ce916,False
Family-History-Shared/03-Cross-family/03-Unlinked-research-leads/Jewishdata/READ-ME.md,438,.md,3c764d917ca142a192846f0b54c671e0d19058a1d2cfcb5db7dea2b3736f9e20,True
Family-History-Shared/03-Cross-family/03-Unlinked-research-leads/Jewishdata/jd-1028213-1-0eb0d0d0.jpg,600317,.jpg,06f35b83d5f12587ee0390d472c9312afc2a96588c37b60005a5c6eaec9d3a48,False
Family-History-Shared/03-Cross-family/03-Unlinked-research-leads/Jewishdata/jd-1028212-1-a129242c.jpg,560437,.jpg,35815d800a903d58f94d00fbc1edac9faafff225e5b60bdea94ce9b8c843b324,False
Family-History-Shared/03-Cross-family/03-Unlinked-research-leads/Jewishdata/jd-351371-1-39df5b7a.jpg,138607,.jpg,0be25aef2d0db4faa8819a115dee8157d41ae405fc6b7fb62ab386d678244f5a,False
