page,source_image,native_pixels,placed_width_inches,placed_height_inches,effective_ppi,below_300_ppi,below_150_ppi,reproduction_note
1,v10-p38-2.jpeg,824 x 520,8.75,5.522,94.2,True,True,Contextual map or city image; public-domain attribution retained from source catalogue
6,v10-p15-2.jpeg,264 x 457,3.611,6.25,73.1,True,True,See original source credit in book; reproduction clearance not certified
8,v10-p09-1.png,575 x 298,6.75,3.498,85.2,True,True,See original source credit in book; reproduction clearance not certified
9,Szyman Warszawski headstone - Zion Memorial Park - FindAGrave 273716163.jpg,2377 x 2057,6.75,5.841,352.1,False,False,See original source credit in book; reproduction clearance not certified
11,Berta Warszawski headstone - Zion Memorial Park - FindAGrave 273776627.jpg,2327 x 2052,6.75,5.952,344.7,False,False,See original source credit in book; reproduction clearance not certified
13,v10-p15-1.jpeg,457 x 264,3.278,1.894,139.4,True,True,See original source credit in book; reproduction clearance not certified
13,v10-p15-2.jpeg,264 x 457,2.006,3.472,131.6,True,True,See original source credit in book; reproduction clearance not certified
13,v10-p16-1.jpeg,597 x 262,5.697,2.5,104.8,True,True,See original source credit in book; reproduction clearance not certified
14,Mordechi-Zelkind-1997-unveiling-legible-crop.png,930 x 750,6.75,5.444,137.8,True,True,See original source credit in book; reproduction clearance not certified
15,Larry-Hersh-young-portrait-JVN.png,649 x 759,5.344,6.25,121.4,True,True,Jewish Veterans Network portrait; publication permission not established
23,Larry-Hersh-center-letter-2000-LEGIBLE-CROP.png,520 x 680,5.183,6.778,100.3,True,True,See original source credit in book; reproduction clearance not certified
24,v10-p20-1.jpeg,744 x 448,6.75,4.065,110.2,True,True,See original source credit in book; reproduction clearance not certified
24,hersh-card-detail-203dd1b3.png,2265 x 510,6.75,1.52,335.6,False,False,See original source credit in book; reproduction clearance not certified
25,v10-p25-1.jpeg,1041 x 724,6.75,4.695,154.2,True,False,Contextual map or city image; public-domain attribution retained from source catalogue
28,v10-p24-1.jpeg,342 x 498,3.25,4.732,105.2,True,True,See original source credit in book; reproduction clearance not certified
28,v10-p24-2.jpeg,660 x 112,3.25,0.552,203.1,True,False,See original source credit in book; reproduction clearance not certified
29,v10-p25-1.jpeg,1041 x 724,6.75,4.695,154.2,True,False,Contextual map or city image; public-domain attribution retained from source catalogue
31,v10-p27-1.jpeg,890 x 447,6.75,3.39,131.9,True,True,See original source credit in book; reproduction clearance not certified
32,pearl-notice-native.jpeg,2400 x 2465,6.383,6.556,376.0,False,False,See original source credit in book; reproduction clearance not certified
33,victor-notice-native.jpeg,2400 x 2787,5.645,6.556,425.1,False,False,See original source credit in book; reproduction clearance not certified
35,cpl-native-11.jpeg,2146 x 3150,4.617,6.778,464.8,False,False,See original source credit in book; reproduction clearance not certified
36,v10-p38-2.jpeg,824 x 520,6.75,4.26,122.1,True,True,Contextual map or city image; public-domain attribution retained from source catalogue
37,v10-p38-1.jpeg,793 x 520,4.911,3.22,161.5,True,False,Contextual map or city image; public-domain attribution retained from source catalogue
37,v10-p38-2.jpeg,824 x 520,4.911,3.099,167.8,True,False,Contextual map or city image; public-domain attribution retained from source catalogue
39,v10-p41-1.png,920 x 78,6.75,0.572,136.3,True,True,See original source credit in book; reproduction clearance not certified
39,v10-p41-2.png,920 x 388,6.75,2.847,136.3,True,True,See original source credit in book; reproduction clearance not certified
42,Joseph Warszawski headstone - Zion Memorial Park - FindAGrave 273775046.jpg,2588 x 2387,6.75,6.226,383.4,False,False,See original source credit in book; reproduction clearance not certified
43,v10-p61-1.jpeg,589 x 393,6.75,4.504,87.3,True,True,JEM watermarked preview; print licensing not confirmed
44,Warszawski-Hersh-Zelkind-1988-birth-legible-crop.png,1150 x 490,6.747,2.875,170.4,True,False,See original source credit in book; reproduction clearance not certified
48,v10-p61-1.jpeg,589 x 393,3.57,2.382,165.0,True,False,JEM watermarked preview; print licensing not confirmed
48,v10-p61-2.jpeg,589 x 393,3.57,2.382,165.0,True,False,JEM watermarked preview; print licensing not confirmed
49,v10-p62-1.jpeg,1357 x 904,6.75,4.497,201.0,True,False,JEM watermarked preview; print licensing not confirmed
62,v10-p36-1.jpeg,1481 x 939,6.75,4.28,219.4,True,False,Contextual map or city image; public-domain attribution retained from source catalogue
65,v10-p36-1.jpeg,1481 x 939,6.75,4.28,219.4,True,False,Contextual map or city image; public-domain attribution retained from source catalogue
67,Garson-Marcel-acte-5097-Paris18e-1895-V4E10322.jpg,1600 x 852,6.75,3.594,237.0,True,False,See original source credit in book; reproduction clearance not certified
68,Garson-MarcelEugeneJules-acte-3451-Paris17e-1895-reconnaissance.jpg,2032 x 1908,6.75,6.338,301.0,False,False,See original source credit in book; reproduction clearance not certified
69,Garson-Charlotte-acte-1182-Paris18e-1898-V4E10385.jpg,2100 x 1430,6.75,4.596,311.1,False,False,See original source credit in book; reproduction clearance not certified
70,Garson-LeonJules-acte-197-Paris05e-1897-margin.jpg,1400 x 1124,3.25,2.609,430.8,False,False,See original source credit in book; reproduction clearance not certified
70,Garson-LeonJules-acte-197-Paris05e-1897.jpg,1600 x 768,3.25,1.56,492.3,False,False,See original source credit in book; reproduction clearance not certified
71,v10-p34-1.jpeg,947 x 222,6.75,1.582,140.3,True,True,See original source credit in book; reproduction clearance not certified
74,aline3605-act.jpg,1504 x 1230,6.75,5.52,222.8,True,False,See original source credit in book; reproduction clearance not certified
75,aline-groom-field.jpg,1008 x 405,6.308,2.535,159.8,True,False,See original source credit in book; reproduction clearance not certified
75,aline-parents-zoom.jpg,1400 x 840,6.308,3.785,221.9,True,False,See original source credit in book; reproduction clearance not certified
77,Garson-Auguste-acte-2022-Paris06e-1864.jpg,1300 x 838,6.75,4.351,192.6,True,False,See original source credit in book; reproduction clearance not certified
79,0-20-full.jpg,1773 x 2800,3.25,5.133,545.5,False,False,See original source credit in book; reproduction clearance not certified
79,marriage-card.jpg,1000 x 1235,3.25,4.014,307.7,False,False,See original source credit in book; reproduction clearance not certified
80,v10-p39-1.jpeg,998 x 610,6.75,4.126,147.9,True,True,Contextual map or city image; public-domain attribution retained from source catalogue
82,Garson-JacquesDitTheodore-naissance-acte3-Tigery-1809.png,2325 x 1125,5.902,2.856,393.9,False,False,See original source credit in book; reproduction clearance not certified
82,Garson-LouisJacques-naissance-acte7-Tigery-1816.png,2325 x 1173,5.902,2.978,393.9,False,False,See original source credit in book; reproduction clearance not certified
83,Garson-JacquesDesireII-deces-acte10-Tigery-1838.png,3100 x 1600,6.75,3.484,459.3,False,False,See original source credit in book; reproduction clearance not certified
85,Garson-DesireLamoureux-x-Sauvage-mariage-acte7-Tigery-1834-full.png,2400 x 880,6.75,2.475,355.6,False,False,See original source credit in book; reproduction clearance not certified
87,Garson-Albert-AugustineAline-naissance-acte13-Lisses-1843-top.jpg,2400 x 1781,6.75,5.009,355.6,False,False,See original source credit in book; reproduction clearance not certified
90,cpl-native-10.jpeg,2923 x 2400,6.75,5.542,433.0,False,False,See original source credit in book; reproduction clearance not certified
91,cpl-native-8.png,1067 x 1343,4.822,6.069,221.3,True,False,See original source credit in book; reproduction clearance not certified
92,cpl-native-9.png,650 x 656,6.014,6.069,108.1,True,True,See original source credit in book; reproduction clearance not certified
97,nara-1917-122-excerpt.jpg,1540 x 630,6.75,2.761,228.1,True,False,See original source credit in book; reproduction clearance not certified
97,nara-1917-123-excerpt.jpg,1260 x 490,6.75,2.625,186.7,True,False,See original source credit in book; reproduction clearance not certified
99,huszt-1921-native.jpeg,3620 x 2854,6.75,5.322,536.3,False,False,See original source credit in book; reproduction clearance not certified
