family,id,title,kind,url,reliability,description,link_status
Chaikin,src_adas_jisroel_festskrift,Adas Jisroel Stockholm congregation history and rabbi list,organization_profile,https://adatjisrael.se/historia/historia-2/,primary,"Official congregation history written Tevet 5743/December 1982 and updated August 2007 lists ""Rav M. Chaikin, 40-talet"" among its rabbis. Confirms rabbinic role in the 1940s, not precise appointment or family arrival dates.",recorded; not globally revalidated
Chaikin,src_aldswold_road,Saxonwold Primary School - 13 Aldswold Road,place_reference,https://schoolguide.co.za/schools/ordinary-schools/saxonwold-primary-school.html,secondary,"Confirms Aldswold Road is a street in Saxonwold, Johannesburg (used only to place the cookbook subtitle's '6 Aldswold Road').",recorded; not globally revalidated
Chaikin,src_anash_barber_2024,Levaya Held for Mrs. Rivkah Barber,obituary,https://anash.org/levaya-held-for-mrs-rivkah-barber/,secondary,"Mrs. Rivkah Barber, matriarch of a large Chabad family; levaya passed 770 on Tuesday, 21 Teves 5784 (Jan 2, 2024). Survived by children including 'Chani Bacher - Johannesburg, South Africa'; siblings R' Moshe, R' Chaim Eliezer and Yoely Weiss.",recorded; not globally revalidated
Chaikin,src_anash_lchaim_davidsohn,L'Chaim: Chaikin - Davidsohn,announcement,https://anash.org/lchaim-chaikin-davidsohn/,secondary,"The L'Chaim of Betzalel Chaikin of Johannesburg, South Africa and Miri Davidsohn of Crown Heights, Sunday night in Crown Heights.",recorded; not globally revalidated
Chaikin,src_anash_lipsker_2020,The Rebbeim's Shlichus Pioneer,news,https://anash.org/the-rebbeims-shlichus-pioneer/,secondary,"Yahrtzeit feature: father Reb Chaim Tzvi was rov of the Soldatska shul in Poltava; family escaped to Paris in 1946; son Hirshel married Chana (Annette) nee Tordjman, granddaughter of the Baba Sali; daughter Sarah married Rav Ezriel Chaikin; died 5 Iyar 5745 at 78.",recorded; not globally revalidated
Chaikin,src_anash_selma,"Mrs. Selma Bacher, 78, AH",obituary,https://anash.org/mrs-selma-bacher-78-ah/,secondary,"Shlucha in Johannesburg; principal of the Chabad Girls High School; died Monday 21 Iyar 5781; survived by husband Rabbi Koppel Bacher and children Mrs. Rivky Chaikin, Rabbi Shaul Bacher, Rabbi Sholom Bacher.",recorded; not globally revalidated
Chaikin,src_arolsen_boys_dp,A.E.F. D.P. Registration Records - Zobin Zalman and Zobin Efroim,document,https://collections.arolsen-archives.org/en/search?s=Zobin,primary,"Original and duplicate Pocking DP cards inspected. Zalman: 2.I.1940, card says Pinsk; Efroim: 6.VIII.1941, original writes TBILISI/RUSS and duplicate Tbilini (country field uncertain). Both cards name father Schmukler Meyer, mother Zobina Cyla, and date 22.X.1946. Birthplaces remain declarations, not independently verified birth records; Zalman later recalled Kutaisi.",recorded; not globally revalidated
Chaikin,src_arolsen_boys_iro,United Nations Displaced Person/Refugee Identity Cards - Zobin Zalman and Efroim,document,https://collections.arolsen-archives.org/en/search?s=Zobin,primary,"Cards 845250 and 845251 examined. Record the same birthdays, show “Zobina Cila” as holder signature, fingerprint marks and validating officer William H. Sachs. Handwritten date at foot not securely legible. Do not republish biometrics; no independent birthplace field.",recorded; not globally revalidated
Chaikin,src_arolsen_cyla_dp,A.E.F. D.P. Registration Record - Zobina Cyla,document,https://collections.arolsen-archives.org/en/document/69199681,primary,"Original two-sided registration card examined. Self-reported Pinsk birth 27 September 1918, Pinsk residence as of January 1938, father Z. Dowid, mother Chana (maiden surname uncertain), textile work, Yiddish, desired Palestine, and children Zalmen and Froim. Birth certificate and exact registration date not independently established.",recorded; not globally revalidated
Chaikin,src_artscroll_zalmen_audio,Rabbi Zalmen Schmukler interviewed about I’m Not Alone,interview,https://www.podbean.com/media/share/pb-nc2gd-1a3f3d0,primary,"February 9, 2026 interview. Son recounts Kutaisi birth and father’s conscription and wartime death, mother’s escape, later Chaikin and Ushpal marriages. Oral recollection; his father’s fate conflicts with another published family account.",recorded; not globally revalidated
Chaikin,src_chabad_meir_writings,Persecuted Rabbi’s Writings Published,news,https://www.chabad.org/news/article_cdo/aid/1660423/jewish/Persecuted-Rabbis-Writings-Published.htm,secondary,"Chabad.org profiles Meir Chaim, says 1966 for his passing (conflicts with 15 Kislev 5726 = 1965), notes Ezriel was age 14 while escaping in 1946, and names his book Tiferes Ezriel.",recorded; not globally revalidated
Chaikin,src_chabad_soviet_photo,The Secret Picture of the Lubavitcher Rebbe That Fueled the Soviet Jewish Underground,news,https://www.chabad.org/library/article_cdo/aid/4423157/jewish/The-Secret-Picture-of-the-Lubavitcher-Rebbe-That-Fueled-the-Soviet-Jewish-Underground.htm,secondary,"Dovid Margolin 2019 reported article based on interviews with Azriel Chaikin, son of Meir Chaim; Georgia childhood, Sachkhere/Tbilisi, Baku arrest account, 1946 escape with Sarah Chana. Interview testimony, not official records; article not family-authored.",live page fetched Sep 25 2026
Chaikin,src_chabadpedia_azriel_he,"Azriel Chaikin (Chabadpedia, Hebrew)",encyclopedia,https://chabadpedia.co.il/wiki/%D7%A2%D7%96%D7%A8%D7%99%D7%90%D7%9C_%D7%97%D7%99%D7%99%D7%A7%D7%99%D7%9F,tertiary,"Born 5691 to Rabbi Meir Chaim Chaikin. Married in winter 5716 (1955-56) the daughter of Rabbi Michael Lipsker, shliach in Meknes; the shadchan was Rabbi Binyomin Gorodetsky. The couple settled in Agadir and opened the Beis Rivka girls' school there. Later Denmark (founded Yeshivas Oholei Yosef Yitzchak, Copenhagen; chief rabbi there about ten years). Three children.",recorded; not globally revalidated
Chaikin,src_chabadpedia_chaim_tzvi,"Chaim Tzvi Lipsker of Poltava (Chabadpedia, Hebrew)",encyclopedia,https://chabadpedia.co.il/wiki/%D7%97%D7%99%D7%99%D7%9D_%D7%A6%D7%91%D7%99_%D7%9C%D7%99%D7%A4%D7%A1%D7%A7%D7%A8_(%D7%A4%D7%95%D7%9C%D7%98%D7%91%D7%94),tertiary,His wife Bas Sheva is associated with the Mamyaffo family; died 29 Adar I 5700 and buried Leningrad.,recorded; not globally revalidated
Chaikin,src_chabadpedia_kahanov,"Eliyahu Shmuel Kahanov (Chabadpedia, Hebrew)",encyclopedia,https://chabadpedia.co.il/index.php?title=%D7%90%D7%9C%D7%99%D7%94%D7%95_%D7%A9%D7%9E%D7%95%D7%90%D7%9C_%D7%9B%D7%94%D7%A0%D7%95%D7%91,tertiary,"Born in Hebrew 5657 (1896/97) in Pahar near Chernigov, son of Chaim HaKohen Kahanov and Chaya Tzirel; wife Chava Risa daughter of Asher Margolis; daughter Sarah Chana married Meir Chaim Chaikin. Chava Risa died 9 Tammuz 5711 at 63; he died 5 Kislev 5740.",recorded; not globally revalidated
Chaikin,src_chabadpedia_koppel,Avraham Koppel Bacher (Hebrew),encyclopedia,https://chabadpedia.co.il/wiki/%D7%90%D7%91%D7%A8%D7%94%D7%9D_%D7%A7%D7%A4%D7%99%D7%9C_%D7%91%D7%9B%D7%A8,tertiary,"Hebrew name Avraham Koppel HaLevi Bacher; born 5701 in Johannesburg to Chaim Shaul Zev and Chana Bacher; died 23 Adar II 5784; initiated bringing the Rebbe's shluchim to Johannesburg; three children, all shluchim in Johannesburg.",recorded; not globally revalidated
Chaikin,src_chabadpedia_lipsker_en,"Michael Lipsker (Chabadpedia, English)",encyclopedia,https://chabadpedia.com/Michael_Lipsker,tertiary,"Born Poltava 1907 to Rabbi Chaim Tzvi Lipsker and Mrs. Bas Sheva; married Teibel, daughter of the chossid Rabbi Eliyahu Par; Leningrad (siege burials with brother-in-law Rabbi Baruch Shifrin); escaped Russia 1946, Paris; shliach to Morocco from 20 Shvat 1950 (Meknes); later kitchen manager at 770; died 5 Iyar 5745 (1985), age 78, buried Montefiore Cemetery, Queens. Family: son-in-law Rav Azriel Chaikin; brothers Rav Yaakov Lipskar and Rav Aryeh Zev Lipskar.",recorded; not globally revalidated
Chaikin,src_chabadpedia_lipsker_he,"Michael Lipsker (Chabadpedia, Hebrew)",encyclopedia,https://chabadpedia.co.il/wiki/%D7%9E%D7%99%D7%9B%D7%90%D7%9C_%D7%9C%D7%99%D7%A4%D7%A1%D7%A7%D7%A8,tertiary,Hebrew entry: same facts; also lists his son Rabbi Tzvi Lipsker of Crown Heights.,recorded; not globally revalidated
Chaikin,src_chabadpedia_meir_chaim,"Meir Chaim Chaikin (Chabadpedia, Hebrew)",encyclopedia,https://chabadpedia.co.il/wiki/%D7%9E%D7%90%D7%99%D7%A8_%D7%97%D7%99%D7%99%D7%9D_%D7%97%D7%99%D7%99%D7%A7%D7%99%D7%9F,tertiary,"Rabbi Meir Chaim Chaikin (5667 - 15 Kislev 5726), son of Rabbi Azriel Chaikin. Studied at Tomchei Temimim in Nevel; rabbi of Surazh (Vitebsk province), then Tiflis; exiled by the Soviets, and in exile married Sarah Chana, daughter of the chossid Eliyahu Shmuel Kahanov. After WWII rabbi of Adas Yisrael, Stockholm; from 5711 in Montreal as rabbi and rosh yeshiva of Tomchei Temimim. Buried at Montefiore Cemetery near the Previous Rebbe's Ohel. Children: Rabbi Azriel, Rabbi Sholom Dovber; sons-in-law R' Nosson Gurary (Montreal) and R' Baruch Bentzion Brikman (Crown Heights).",recorded; not globally revalidated
Chaikin,src_chabadpedia_par,"Eliyahu Par (Chabadpedia, Hebrew)",encyclopedia,https://chabadpedia.co.il/wiki/%D7%90%D7%9C%D7%99%D7%94%D7%95_%D7%A4%D7%90%D7%A8,tertiary,"Rabbi Eliyahu Kalman Par ('R' Eli'), born c. 5640 (~1880) to Rabbi Moshe; raised funds for Tomchei Temimim in the USSR and was jailed in Vitebsk; later Tel Aviv and Kfar Chabad; died 28 Kislev 5723 (4th night of Chanukah). Daughters: Sonia, wife of Rabbi Baruch Shifrin; Teibel, wife of Rabbi Michael Lipsker.",recorded; not globally revalidated
Chaikin,src_chabadpedia_sdb,"Sholom Dovber Chaikin (Chabadpedia, Hebrew)",encyclopedia,https://chabadpedia.co.il/wiki/%D7%A9%D7%9C%D7%95%D7%9D_%D7%93%D7%95%D7%91%D7%A2%D7%A8_%D7%97%D7%99%D7%99%D7%A7%D7%99%D7%9F,tertiary,"Born 27 Tammuz 5707 (1947) in Montreal, youngest child of Rabbi Meir Chaim Chaikin and Mrs. Sarah Chana; his great-grandfather was Rabbi Asher Margolis of Rakshik. Married Sheindel-Sheina, daughter of Rabbi Chaim Shneur Zalman Schorr; shliach in London about ten years, then rav of the Chabad community in Cleveland, Ohio; member of Vaad Rabbonei Lubavitch. Children listed are shluchim in Toronto, Montreal, Barbados, Baltimore, Moscow, Philadelphia and elsewhere.",recorded; not globally revalidated
Chaikin,src_chi_glick_2013,Home at Last: Chabad Couple Finds Their Calling,news,https://crownheights.info/date/2013/08/29/,secondary,Chabad.org story (by Menachem Posner) carried on CrownHeights.info: Batsheva and Yehuda Glick married in 2007 and wanted to serve as Chabad shluchim; the story covers how they found their post.,recorded; not globally revalidated
Chaikin,src_chi_kinus_2015,Shluchim to S. Africa Hold Regional Kinus,news,https://crownheights.info/shlichus/500164/shluchim-to-s-africa-hold-regional-kinus/,secondary,"Rabbi Sholom Bacher, Rav of the Blairgowrie Shul and eldest son of Rabbi Koppel Bacher (a founding member of the Hanholo of the Lubavitch Foundation), coordinated the South African shluchim's regional conference at the Blairgowrie Hebrew Congregation.",recorded; not globally revalidated
Chaikin,src_chi_wolvovsky_baby_2011,Baby Girl! - Tzviki and Chaya Wolvovsky,announcement,https://crownheights.info/mazal_tov/baby-girl-407/,secondary,Baby girl to Tzviki and Chaya Wolvovsky (Crown Heights). Name not published.,recorded; not globally revalidated
Chaikin,src_cjn_archive,Cleveland Jewish News digital archive,place_reference,https://clevelandjewishhistory.net/res/cjn-archive.htm,secondary,Late-Feb 2017 issues may hold Joe’s notice; access requires a Cuyahoga County library card or subscription; not read.,recorded; not globally revalidated
Chaikin,src_collive_bacher_kugel,L'Chaim: Bacher - Kugel,announcement,https://collive.com/lchaim-bacher-kugel/,secondary,"L'Chaim of Efraim Bacher of Johannesburg and Sara Kugel of Manhattan at Lubavitch Yeshiva Hall, Crown Heights. Parents not named.",recorded; not globally revalidated
Chaikin,src_collive_bacher_kugel_wed,Wedding: Bacher - Kugel,announcement,https://collive.com/wedding-bacher-kugel/,secondary,"Efraim Bacher and Sara Kugel married Apr 3, 2025; parents not named in the accessible notice.",recorded; not globally revalidated
Chaikin,src_collive_bacher_teleshevsky,New Engagement: Yosef Yitzchak Bacher - Moushkie Teleshevsky,announcement,https://collive.com/mazel-tov/new-engagement-206-2/,secondary,Yosef Yitzchak Bacher (Johannesburg) to Moushkie Teleshevsky (Melbourne). Parents not named.,recorded; not globally revalidated
Chaikin,src_collive_chaikin_eng,Shmuly Chaikin and Shoshy Warszawski engagement,announcement,https://collive.com/mazel-tov/page/487/,secondary,"COLlive archive dated Aug 22, 2014 lists Shmuly Chaikin, Johannesburg, to Shoshy Warszawski, Cleveland; archive page number may shift.",recorded; not globally revalidated
Chaikin,src_collive_chaim_baby_2025,Mazel Tov: Baby boy to Chaim and Chaya Chaikin (nee Shusterman),announcement,https://collive.com/mazel-tov/baby-boy-to-chaim-and-chaya-chaikin-nee-shusterman-crown-heights/,secondary,Baby boy to Chaim and Chaya Chaikin (nee Shusterman) - Crown Heights. Name not published.,recorded; not globally revalidated
Chaikin,src_collive_glick_baby_2008,Mazel Tov: Baby girl to Yehuda and Batsheva (nee Chaikin) Glick,announcement,https://collive.com/mazel-tov/mazel-tov-27-3/,secondary,Baby girl to Yehuda and Batsheva (nee Chaikin) Glick (Crown Heights). Name not published.,recorded; not globally revalidated
Chaikin,src_collive_glick_baby_2014,Mazel Tov: Baby boy to Yehuda and Batsheva Glick,announcement,https://collive.com/mazel-tov/mazel-tov-239-2/,secondary,"Baby boy to Yehuda and Batsheva Glick - Germantown, Maryland. Name not published.",recorded; not globally revalidated
Chaikin,src_collive_hurwitz_eng,Shmuly Hurwitz and Chanaleh Chaikin engagement,announcement,https://collive.com/mazel-tov/new-engagement-27-2018-01-23/,secondary,"Jan 23, 2018 engagement listing.",recorded; not globally revalidated
Chaikin,src_collive_koppel,"Rabbi Koppel Bacher, 83, OBM",obituary,https://collive.com/rabbi-koppel-bacher-obm/,secondary,"Died Tuesday 23 Adar II 5784 (April 2, 2024), age 83. Father an immigrant from the Ruch family of Rokiskis, Lithuania. 770 yeshiva at 14, then Montreal; back to South Africa 1961; married Selma (nee Goldman) 1964. Survived by Rivky Chaikin, Rabbi Shaul Bacher, Rabbi Sholem Bacher, and sisters Minnie Daniels and Sorrel Sher.",recorded; not globally revalidated
Chaikin,src_collive_lchaim_hurwitz,L'Chaim: Hurwitz - Chaikin,announcement,https://collive.com/lchaim-hurwitz-chaikin/,secondary,"The L'Chaim of Shmuly Hurwitz of Crown Heights and Chanaleh Chaikin of Johannesburg, South Africa, at the Jewish Children's Museum, Crown Heights.",recorded; not globally revalidated
Chaikin,src_collive_lchaim_morosow,L'Chaim: Chaikin - Morosow,announcement,https://collive.com/lchaim-chaikin-morosow/,secondary,"The L'Chaim of Michoel Chaikin of Johannesburg, South Africa and Chaya Mushka Morosow of Melbourne, Australia, at Beis Levi Yitzchok shul, Crown Heights.",recorded; not globally revalidated
Chaikin,src_collive_lchaim_rivkin,L'Chaim: Chaikin - Rivkin,announcement,https://collive.com/lchaim-chaikin-rivkin/,secondary,"The L'Chaim of Mendel Chaikin of Johannesburg, South Africa and Tzippy Rivkin of Tampa, FL, at FREE Shul, Crown Heights.",recorded; not globally revalidated
Chaikin,src_collive_lchaim_shusterman,L'Chaim: Chaikin - Shusterman,announcement,https://collive.com/lchaim-chaikin-shusterman/,secondary,"The L'Chaim of Chaim Chaikin of Johannesburg, South Africa and Chaya Shusterman of Pittsburgh, PA, at Lubavitch Yeshiva Hall, Crown Heights.",recorded; not globally revalidated
Chaikin,src_collive_lchaim_wolvovsky,L'Chaim: Wolvovsky - Chaikin,announcement,https://collive.com/lchaim-wolvovsky-chaikin/,secondary,"The L'Chaim of Tzviki Wolvovsky of Crown Heights and Chayah Mushka Chaikin of Johannesburg, South Africa, at Beis Levi Yitzchok Shul, Crown Heights.",recorded; not globally revalidated
Chaikin,src_collive_melbourne_shluchim,Community’s bold plea got a reversal from the Rebbe,news,https://collive.com/communitys-bold-plea-got-a-reversal-from-the-rebbe/,secondary,Historic photograph/comment names Tzvi (Hirshel) Lipsker among six student emissaries to Melbourne in 5727/1967.,recorded; not globally revalidated
Chaikin,src_collive_mendel_eng,Mendel Chaikin and Tzippy Rivkin engagement,announcement,https://collive.com/mazel-tov/new-engagement-1872/,secondary,"May 29, 2013 engagement listing.",recorded; not globally revalidated
Chaikin,src_collive_raitman_bacher,"Mrs. Rivkah Barber, 83, OBM",obituary,https://collive.com/mrs-rivkah-barber-83-obm/,secondary,Obituary identifies daughter Chani Bacher in Johannesburg.,recorded; not globally revalidated
Chaikin,src_collive_sdb_grandchild,Chaikin grandchildren in COLlive notice,announcement,https://collive.com/mazel-tov/mazel-tov-3767/,secondary,"Public notice corroborates collateral cousin line, not a full list of Sholom Dovber’s children.",recorded; not globally revalidated
Chaikin,src_collive_selma,"Mrs. Selma Bacher, 78, OBM",obituary,https://collive.com/mrs-selma-bacher-78-obm/,secondary,"Died May 3, 2021 (21 Iyar 5781), age 78. Born Brooklyn 1943 to Rabbi Shlomo and Helen Goldman. Married Rabbi Koppel Bacher 1964. Founding principal of Torah Academy Girls High School, later elementary Limudei Kodesh teacher. Survived by Rivky Chaikin, Shaul and Sholem Bacher; siblings Dovid Goldman (Flatbush) and Rochel Weiner (Queens).",recorded; not globally revalidated
Chaikin,src_collive_wedding_rivkin,Wedding: Chaikin - Rivkin,announcement,https://collive.com/wedding-chaikin-rivkin/,secondary,"The wedding of Mendel Chaikin of Johannesburg, South Africa and Tzippy Rivkin of Tampa, FL, at Razag Ballroom, Crown Heights.",recorded; not globally revalidated
Chaikin,src_collive_wolvovsky_eng,Engagement of Tzviki Wolvovsky and Chaya Mushka Chaikin,announcement,https://collive.com/mazel-tov/new-engagement-411-2/,secondary,Notice names couple and father of groom; avoid extending kinship beyond those named.,recorded; not globally revalidated
Chaikin,src_cyla_col_1947,Tzila Zobina and sons in 1947 Karasik list,news,https://col.org.il/news/122200,secondary,Article reproduces postwar list as Tzila Zobina with sons Zalman and Ephraim; article’s marriage-place claim conflicts with commenter and son’s narrative.,recorded; not globally revalidated
Chaikin,src_cyla_son_escape,La Huida - Zalman Schmukler tells his mother’s escape story,article_by_family_member,https://tora.org.ar/la-huida/,secondary,"Spanish retrospective account by son; calls her Cherna/Cyla, widow with two boys; details postwar escape through Poland, Austria, DP camp and Paris. Published narrative not civil travel record.",recorded; not globally revalidated
Chaikin,src_cyla_ushpol_notice,2006 Rebbetzin C. Ushpol death notice,obituary,https://crownheights.info/notices/3476,secondary,"October 24 notice names sons Zalmen Schmukler and Efraim Schmukler; establishes death by notice date, exact day unknown.",recorded; not globally revalidated
Chaikin,src_derher_morocco,Der Her: Morocco shlichus extracts,document,https://derher.org/wp-content/uploads/61-Tishrei-5778-05.pdf,secondary,Digitized extracts based on Lipsker memoir and print-only Toldos Chabad B’Morocco.,recorded; not globally revalidated
Chaikin,src_efraim_schmukler_jem_2015,"Rabbi Efraim Schmukler, Here’s My Story: Straight To The Top",interview,https://crownheights.info/something-jewish/694797/heres-my-story-straight-to-the-top/,primary,"First-person interview recorded October 2015. Narrator identifies his mother’s older brother Hershel (Grisha) Zobin: Soviet imprisonment and hard labor; first wife and daughter killed by Nazis; post-1953 release and new household in Rostov; Canadian visa campaign, Soviet exit and arrival in Montreal. Interview testimony, not a Soviet or Canadian government file.",recorded; not globally revalidated
Chaikin,src_family_cookbook,Around the Chaikins' Table - From 6 Aldswold Road to Around the World,family_artifact,,secondary,"Family cookbook, 109 pages, made in Canva, March 2025, credited to Chaya and Tzviki. Printed as a hardcover keepsake.",unverified/none
Chaikin,src_family_knowledge,Family knowledge,user_statement,,primary,"Family knowledge, without citing private conversations. Dated details and uncertain relationships are marked.",unverified/none
Chaikin,src_family_meir_bio,Family document - English biography of Rabbi Meir Chaim Chaikin,family_artifact,,primary,"Shared by the user’s father via Rabbi Yosi Chaim on September 25, 2026. Full English biography, including his ancestry, wedding date, first wife’s death, second marriage, two stepchildren and family notes. Original Word document retained with the family; not a public URL. Original file: file-f178c98b.doc (family-held; not included in export).",unverified/none
Chaikin,src_family_meir_shloshim,Family document - English translation of Keneder Adler shloshim article,family_artifact,,primary,"Shared by the user’s father via Rabbi Yosi Chaim on September 25, 2026. English translation of A. Lubavitcher’s article dated 17 Teves 5726 / January 9, 1966, about Meir Chaim’s life and survivors; original Word document retained with the family, not a public URL. Original file: file-297bc31b.docx (family-held; not included in export).",unverified/none
Chaikin,src_he_wiki_azriel,Azriel Chaikin (Hebrew Wikipedia),encyclopedia,https://he.wikipedia.org/wiki/%D7%A2%D7%96%D7%A8%D7%99%D7%90%D7%9C_%D7%97%D7%99%D7%99%D7%A7%D7%99%D7%9F,tertiary,"Born 10 Sivan 5690 (June 6, 1930) in the USSR to Rabbi Meir Chaim Chaikin (Gulag prisoner; after 1946 rabbi in Stockholm, later av beis din in Montreal). Left Russia via Poland in 1946 to Paris; 1947 to New York, Tomchei Temimim 770; 1954 rabbi of a Pittsburgh synagogue; 1955 dayan in Montreal; later chief rabbi of Copenhagen and of Belgium; Chief Rabbi of Ukraine Sept 2003 - May 2008. Lives in Crown Heights; three children. Brother: Rabbi Sholom Dovber Chaikin, rav in Cleveland.",recorded; not globally revalidated
Chaikin,src_jdc_zobina_departure_1949,"JDC Emigration Headquarters departure list - May 5, 1949 Paris to Sweden",document,,primary,"Original AJDC departure-list page inspected, list dated June 1, 1949, page 2. Under ""MAY 5th: by plane from Paris,"" file SWE 66 lists ZOBINA Cyla (31), Zalman (9), Efroim (7), destination Sweden. Documents listed departure, not independent evidence of Swedish landing or Cyla’s marital status. Public item URL not independently observed; item number 1241418 supplied with scan.",unverified/none
Chaikin,src_jdc_zobina_paris_1949,"JDC Paris Emigration Service cards - Zobina Cyla, Zalman and Efroim",document,https://archives.jdc.org/,primary,"Three original index cards inspected, JDC Paris office, file SWE 66, opening date April 29, 1949. Same Paris address (withheld from public outputs), Sweden as intended destination. Cyla card records birth September 20, 1918 in Pinsk (Arolsen card September 27); both boys’ cards give birthplaces ""Kutajsk-USSR"" and the same birthdays recorded at Pocking. The cards document a Paris case with a planned Swedish destination, not proof of departure or marital status.",recorded; not globally revalidated
Chaikin,src_jem_azriel,Here's My Story: Deeper Than Psychoanalysis,interview,https://crownheights.info/something-jewish/493913/heres-my-story-deeper-than-psychoanalysis/,primary,"First-person JEM interview with Azriel Chaikin; says 1941 rabbinic-work arrest, prison visit, Kutaisi study, Michoel Lipsker daughter marriage, Agadir yeshiva/mikvah. Compare longer article’s tea-smuggling accusation.",live page fetched Sep 25 2026
Chaikin,src_jewish_encyclopedia_azriel,Azriel Chaikin (Russian Jewish Encyclopedia),encyclopedia,https://jewsencyclopedia.com/index.php/%D0%A5%D0%90%D0%99%D0%9A%D0%98%D0%9D_%D0%90%D0%B7%D1%80%D0%B8%D1%8D%D0%BB%D1%8C,tertiary,"Born 1930 in Zestafoni, Georgian SSR; biographical outline corroborates Paris, New York and later rabbinic service.",recorded; not globally revalidated
Chaikin,src_jta_azriel_2008,Ukrainian chief rabbi to resign,news,https://www.jta.org/2008/05/29/default/ukrainian-chief-rabbi-to-resign,secondary,JTA in May 2008 describes Azriel as 78; age supports about 1930 but does not establish an exact birthday.,recorded; not globally revalidated
Chaikin,src_kahanov_obit,"Obituary: Chaim Osher Kahanov, 96, Quiet Chassid Who Escaped Soviet Union Twice",obituary,https://crownheights.info/chabad-news/713541/obituary-chaim-osher-kahanov-96-quiet-chassid-who-escaped-soviet-union-twice/,secondary,2020 reported account based on relatives; Sarah Chana and Meir Chaim on 1946 Lvov escape; arrest late 1941/early 1942 speculation. No original death or arrest file examined.,live page fetched Sep 25 2026
Chaikin,src_kosygin_canada_visit_1971,Kosygin’s October 1971 Canadian visit,news,https://edmontonjournal.com/news/local-news/oct-24-1971-soviet-premier-mostly-a-blur-during-five-hour-visit,secondary,"Retrospective archive article on Soviet premier Alexei Kosygin’s October 1971 Canadian tour, including Edmonton on October 24. Independently verifies the visit context, not the specific Zobin intervention.",recorded; not globally revalidated
Chaikin,src_kyivpost_2003,Chabad elects Chaikin chief rabbi,news,https://archive.kyivpost.com/article/content/ukraine-politics/chabad-elects-chaikin-chief-rabbi-18113.html,secondary,"Rabbi Azriel (Azrael) Haikin of Brussels formally presented as Chief Rabbi of Ukraine at Kyiv's President Hotel on Sept. 8, 2003.",recorded; not globally revalidated
Chaikin,src_lipsker_memoir,Tikoseiv Zos Lidor Achron - Rabbi Michoel Lipsker memoir in Rivkin-Rosenberg teshura,document,"http://www.teshura.com/teshurapdf/Rivkin-Rosenberg%20-%20Sivan%2027,%205774.pdf",primary,"Wedding teshura, 27 Sivan 5774, includes his youth memoir, Morocco diary and chapter by Azriel. His mother is from the Mamyaffo and Berman family lines; the exact maiden-surname choice is near-certain, not a civil record.",recorded; not globally revalidated
Chaikin,src_lipskier_teshura,Yankel Lipskier memoir (English),document,https://teshura.com/teshurapdf/Schmukler%20BM%20-%202%20Iyar%205781%20-%20Yankel%20Lipskier.pdf,primary,Names Bas-Sheva Mamyaffo of Mariupol; English family memoir included in a bar-mitzvah teshura.,recorded; not globally revalidated
Chaikin,src_lubavitch_germantown,Chabad of Germantown (Chabad-Lubavitch centers directory),organization_profile,https://www.lubavitch.com/centers/north-america/usa/md/germantown,secondary,"Lists Rabbi Yehuda Glick and Mrs. Batsheva Glick as the shluchim of Chabad of Germantown, Maryland.",recorded; not globally revalidated
Chaikin,src_lubavitch_melrose,Chabad of Melrose (Chabad-Lubavitch centers directory),organization_profile,https://www.lubavitch.com/centers/882516,secondary,"Lists Rabbi Shaul Bacher as the shliach of Chabad of Melrose, Melrose North, Johannesburg.",recorded; not globally revalidated
Chaikin,src_oxford_rabbi,Oxford Shul - The Rabbi,organization_profile,https://www.oxfordshul.com/the-rabbi,secondary,Rabbi Yossi Chaikin: born Copenhagen; school in Brussels; yeshivot in Belgium and US; to South Africa 1986 (Chabad House Johannesburg); 1988 Constantia Hebrew Congregation and Herzlia Constantia Primary; Rav of Oxford Synagogue from 2000; married to Rivky (nee Bacher) of Johannesburg.,recorded; not globally revalidated
Chaikin,src_prior_brother_brooklyn,Family account - a brother in Brooklyn,prior_conversation,,secondary,"A brother lives in East Flatbush, Brooklyn; which brother was not said.",unverified/none
Chaikin,src_prior_ella,Family account - his daughter Ella,prior_conversation,,secondary,Ella is Shmuel and Shoshy's daughter.,unverified/none
Chaikin,src_prior_residence,Family account - home area,prior_conversation,,secondary,"Shmuel and Shoshy live in Hallandale Beach, Florida (kept at city level).",unverified/none
Chaikin,src_prior_wife_birthday,Family account - his wife's birthday,prior_conversation,,secondary,Shoshy's birthday is October 17 (year not given).,unverified/none
Chaikin,src_raitman_obit,"Reb Tzvi (Harry) Raitman, 90, OBM",obituary,https://collive.com/reb-tzvi-harry-raitman-90-obm/,secondary,"Obituary lists daughter Ruth of Melbourne (2015). Condolence comments address Ruth, Pessy and Menachem and identify Menachem Bacher as a grandson; comment evidence is weaker than obituary text.",recorded; not globally revalidated
Chaikin,src_rebbe_letter_559,"Letter No. 559 (I Will Write It In Their Hearts, Vol. 5)",letter,https://www.sichos-in-english.org/books/letters-rebbe-5/027.htm,primary,"Letter of the Lubavitcher Rebbe dated 20 Shvat 5710 (early 1950), sent to R. Michael Lipsker, a member of the chassidic community in Paris, asking him to go on shlichus to Morocco.",recorded; not globally revalidated
Chaikin,src_ru_wiki_azriel,Azriel Chaikin (Russian Wikipedia),encyclopedia,"https://ru.wikipedia.org/wiki/%D0%A5%D0%B0%D0%B9%D0%BA%D0%B8%D0%BD,_%D0%90%D0%B7%D1%80%D0%B8%D1%8D%D0%BB%D1%8C",tertiary,"Gives June 6, 1938, conflicting with contemporary reporting and his own bar mitzvah account; not used as the canonical date.",recorded; not globally revalidated
Chaikin,src_sajr_mendel_2022,SA rabbi's son escapes NYC shooting by hair's breadth,news,https://www.sajr.co.za/sa-rabbis-son-escapes-nyc-shooting-by-hairs-breadth/,secondary,"Rabbi Yossi Chaikin's son Mendel Chaikin, 'a married father of seven and business consultant living in Crown Heights', was on a train moments before the April 12, 2022 Sunset Park subway shooting.",recorded; not globally revalidated
Chaikin,src_sajr_shaul_2022,Happy-go-lucky twins’ tragic deaths raise questions,news,https://www.sajr.co.za/happy-go-lucky-twins-tragic-deaths-raises-questions/,secondary,"SA Jewish Report quotes Rabbi Shaul Bacher officiating a Johannesburg funeral; evidence he was working in Johannesburg in 2022, not proof of present location.",recorded; not globally revalidated
Chaikin,src_sajr_yossi_2024,Eighty-one African emissaries create jolt of electricity,article_by_family_member,https://www.sajr.co.za/eighty-one-african-emissaries-create-jolt-of-electricity/,primary,"Article by Rabbi Yossi Chaikin: his maternal grandfather Rabbi Michoel Lipsker led Chabad in Meknes, Morocco; his father Rabbi Azriel Chaikin came from New York in 1956 to open a yeshiva in Agadir and married his mother that year; Yossi married South Africa-born Rivka (nee Bacher) in 1985; Rabbi Mendel Lipskar is Michoel Lipsker's nephew; Yossi is rabbi at Oxford Shul and chairperson of the South African Rabbinical Association.",recorded; not globally revalidated
Chaikin,src_simchaspot_arieh,Engagement of Arieh Chaikin to Ayala Kilimnick,announcement,https://simchaspot.com/blog/2023/06/11/engagement-of-arieh-chaikin-to-ayala-kilimnick/,secondary,"Engagement notice, June 11, 2023. Parents are not named in the post.",recorded; not globally revalidated
Chaikin,src_tiferes_ezriel,Tiferes Ezriel title and introductions,document,https://hebrewbooks.org/50107,primary,"Posthumous 2011 book; research-lane inspection of title and intro pages, institutional posts, son’s 1946 border account. Full text not independently reviewed.",recorded; not globally revalidated
Chaikin,src_user_brief,Family account - family tree brief,user_statement,,primary,"Family list: Shmuel married to Shoshy, kids Ella, Abie, Mika; parents Yossi and Rivky Chaikin with 9 children and their spouses.",unverified/none
Chaikin,src_user_grandparents,Family account - grandparents,user_statement,,primary,"Family account: grandparents Azriel and Sarah Chaikin (Sarah's maiden name Lipsker; Azriel was a shliach in Belgium and Ukraine, etc.) and Avrohom Koppel Bacher and Selma Runya Bacher.",unverified/none
Chaikin,src_user_ita_single,Family account - Ita is single,user_statement,,primary,Family account: Ita is single.,unverified/none
Chaikin,src_user_next_gen,"Family account - aunts, uncles and cousins",user_statement,,primary,"Father's side: Eli Chaikin married to Michele, children Hannah and Aryeh (Aryeh married to Ayala); Chana Rivkin married to Itchik Rivkin. Mother's side: Shaul Bacher was married to Ruth Raitman, who lives in Australia; their children Pessy (married to Beri Wajsbort) and Menachem. Sholom Bacher married to Chanie ('who was a Barber'); they have many children.",unverified/none
Chaikin,src_user_wife_side,Family account - his wife's family,user_statement,,primary,"Family account: Shoshy is his wife, Shoshana Warszawski; her parents are Joe Warszawski and Lori (Leah) Hirsch.",unverified/none
Chaikin,src_wiki_azriel,Azriel Chaikin,encyclopedia,https://en.wikipedia.org/wiki/Azriel_Chaikin,tertiary,"Wikipedia biography: born 1931 in the Georgian SSR; father Meir Chaim Chaikin; Morocco (Agadir yeshiva) 1955, France, Denmark, Brussels 1968; Chief Rabbi of Ukraine 2003-2008; then Crown Heights.",recorded; not globally revalidated
Chaikin,src_zobin_michael_account,A True Jewish Hero - Michael Zobin,article_by_family_member,https://jewishpress.com/a-true-jewish-hero/,secondary,"Michael Zobin’s 2012 account names his father Hirsh Zobin, sister Tzila in Montreal, and their father Reb Dovid; access blocked on independent revisit but search excerpts corroborated.",recorded; not globally revalidated
Chaikin,src_jd_meir_whoswho_1965,"Meir Chaim Chaikin, Who’s Who in Canadian Jewry (1965), page 120, Jewishdata item 1412700",document,,primary,"Photographed printed entry with portrait. Reports 15 Oct 1907 birth in Poland, parents Sarah and Ezriel, wife Tcherna daughter of David Zobina, six named children, ordination and 1931-44 Caucasian/1947-51 Stockholm/1951 Montreal postings. Editorial authorship and whether subject approved details not established. Historical residential and study addresses withheld from public outputs.",original scan in corresponding family archive
Chaikin,src_jd_ushpal_stones_forms,"Yitzchok Dovber and Frumet Nechama Ushpal, headstones and 1962 form, Jewishdata items 2682, 2908, 1009570",photo,,primary,"Two photographed Hebrew headstones and 1962 handwritten form. Frumet Nechama daughter of Yehuda Aryeh Leib died 6 Nisan 5731, before Cyla’s later marriage to Ushpal. The Yitzchok Dovber stone names father Dov Ber; form carries historical address, not to republish.",original scan in corresponding family archive
Chaikin,src_jd_ch_y_schmuklerman,"Chaim Yehuda Schmuklerman headstone, Jewishdata item 2710",photo,,primary,"Photographed Hebrew stone reads Chaim Yehuda son of Meir Eliezer Schmuklerman; death inscription partly obscured. This supports a father/son link to Meir Eliezer, not proof of which brother or how the person relates to Cyla.",original scan in corresponding family archive
Chaikin,src_jd_michoel_lipsker_stone,"Michoel Lipsker headstone, Jewishdata item 2768",photo,,primary,"Hebrew stone reads Michoel son of Chaim Tzvi Lipsker, associated with Lubavitch Morocco shlichus; inscription says death 5 Iyar 5745. Visual inspection of JewishData scan.",original scan in corresponding family archive
Chaikin,src_jd_toiba_lipsker_stone,"Toiba Lipsker headstone, Jewishdata item 303138",photo,,primary,Photographed Hebrew stone identifies Toiba daughter of Rabbi Chaim Eliyahu Kalman and wife of Rabbi Michoel Lipsker; inscription death in Iyar 5750. Supports documented parental and spousal relationships.,original scan in corresponding family archive
Chaikin,src_jd_chaim_tzvi_lipsker_stone,"Chaim Tzvi Lipsker headstone, Jewishdata item 44525",photo,,primary,"Photographed Hebrew stone names Chaim Tzvi son of Rabbi Eliyahu Akiva Lipsker, death 4 Tevet 5757. Distinct from earlier Chaim Tzvi of Poltava, grandfather line, who died in 5700; do not merge namesakes.",original scan in corresponding family archive
Warszawski,s_user,Family account - Warszawski family list,user_statement,,,"Parents Joe Warszawski and Lori (Leah) Hirsch and their children's households, listed 'not in any particular order'.",unverified/none
Warszawski,s_user2,Family account - correction,user_statement,,,Only one Yechiel; adds Maimi and Dovid Inglis.,unverified/none
Warszawski,s_user_kids,Family account - Shoshy and Shmuel's household,user_statement,,,"Shmuel and Shoshy's children Ella, Abie and Mika.",unverified/none
Warszawski,s_user3,Family account - Joe and Lori,user_statement,,,Joe and Lori lived in Cleveland; Joe passed away about ten years ago; Joe's mother was Bertha.,unverified/none
Warszawski,s_user4,Family account - Joe's date of passing,user_statement,,,"The family confirmed Joe passed away on February 18, matching the Heights High memorial page.",unverified/none
Warszawski,s_user5,Family account - Shoshy (Lori's parents),user_statement,,,"Shoshy: Lori's father was Zeidy Larry, Hebrew name Aryeh Leib; her mother was Bubby Gabby, Hebrew name Shaina Yuda.",unverified/none
Warszawski,s_heights1978,In Memory: Joseph Sam Warszawski - Cleveland Heights High School class of 1978,announcement,https://www.heights1978.com/class_profile.cfm?member_id=9607418,,"Memorial listing: 'Joseph Warszawski, October 19, 1959 - February 18, 2017', arrangements by Berkowitz-Kumin-Bookatz Memorial Chapel, Cleveland Heights, OH.",recorded; not globally revalidated
Warszawski,s_ci_chaikin,ChabadInfo Mazal Tov archive: Shmuly Chaikin - Shoshy Warszawski,announcement,https://chabadinfo.com/mazal-tov/page/92/,,"Engagement listing: 'Shmuly Chaikin from Johannesburg, South Africa to Shoshy Warszawski from Cleveland, Ohio'. The archive page shows no date, and archive page numbers shift as new items are added.",recorded; not globally revalidated
Warszawski,s_col_andrusier,L'Chaim: Andrusier - Warszaski,announcement,https://collive.com/lchaim-andrusier-warszaski/,,"L'Chaim of Shmuly Andrusier of Crown Heights and Aliyah Warszaski of Cleveland, OH at Beis Levi Yitzchak shul, Crown Heights.",recorded; not globally revalidated
Warszawski,s_col_chayempour,L'Chaim: Warszawski - Chayempour,announcement,https://collive.com/lchaim-warszawski-chayempour/,,"L'Chaim of Shimon Warszawski of Cleveland, Ohio and Mushkie Chayempour of Toronto, Canada at Lubavitch Yeshiva Hall, Crown Heights.",recorded; not globally revalidated
Warszawski,s_chi_baby2020,Baby Girl! - Shimon and Mushkie (nee Chayempour) Warszawski,announcement,https://crownheights.info/mazal_tov/baby-girl-1653/,,"Birth announcement, family listed as Crown Heights. The baby's name is not given.",recorded; not globally revalidated
Warszawski,s_chi_hirsch_eng,New Engagement! - Daniel Hirsch to Dassi Warszwaski,announcement,https://crownheights.info/mazal_tov/new-engagement-2768/,,"Daniel Hirsch (Coral Springs, FL) to Dassi Warszwaski (Cleveland, OH). L'Chaim that night, Sunday, at Machon Chana.",recorded; not globally revalidated
Warszawski,s_anash_hirsch_lc,L'Chaim: Hirsch - Warszawski,announcement,https://anash.org/lchaim-hirsch-warszawski/,,"L'Chaim of Donni Hirsch of Coral Springs, Florida and Dassi Warszawski of Cleveland, Ohio, Sunday night at Ulam Chana Hall.",recorded; not globally revalidated
Warszawski,s_col_hirsch_lc,L'Chaim: Hirsch - Warszawski,announcement,https://collive.com/lchaim-hirsch-warszawski/,,"Same L'Chaim, at Ulam Chana Hall in Crown Heights.",recorded; not globally revalidated
Warszawski,s_anash_hirsch_wed,Wedding: Hirsch - Warszwaski,announcement,https://anash.org/wedding-hirsch-warszwaski/,,"Wedding of Daniel Hirsch of Coral Springs, FL and Dassi Warszwaski of Cleveland, OH, 'Thursday night' at Oholei Torah Ballroom.",recorded; not globally revalidated
Warszawski,s_col_katz_eng,New Engagement: Dovi Katz - Chaya Warszawski,announcement,https://collive.com/mazel-tov/dovi-katz-crown-heights-to-chaya-warszawski-cleveland-ohio/,,"Dovi Katz (Crown Heights) to Chaya Warszawski (Cleveland, Ohio). L'Chaim 'tonight (Tues.)' at Lubavitch Yeshiva. Posted January 10, 2023 - 17 Tevet 5783.",recorded; not globally revalidated
Warszawski,s_anash_katz_lc,L'Chaim: Katz - Warszawski,announcement,https://anash.org/lchaim-katz-warszawski/,,L'Chaim Tuesday night at Lubavitch Yeshiva.,recorded; not globally revalidated
Warszawski,s_col_katz_lc,L'Chaim: Katz - Warszawski,announcement,https://collive.com/lchaim-katz-warszawski/,,"L'Chaim at Lubavitch Yeshiva Hall, Crown Heights.",recorded; not globally revalidated
Warszawski,s_anash_katz_wed,Wedding: Katz - Warszawski,announcement,https://anash.org/wedding-katz-warszawski/,,"Wedding of Dovi Katz of Crown Heights and Chaya Warszawski of Cleveland, Ohio, 'Sunday night' at Oholei Torah.",recorded; not globally revalidated
Warszawski,s_ci_inglis,ChabadInfo Mazal Tov archive: Dovid Englis - Maimi Warszawski,announcement,https://chabadinfo.com/mazal-tov/page/42/,,"Engagement listing: 'Dovid Englis - London, England to Maimi Warszawski - Crown Heights'. Spelled Englis there; Shmuel spells it Inglis. No date on the archive page, and page numbers shift over time.",recorded; not globally revalidated
Warszawski,s_collive_chaikin_eng,Shoshy Warszawski & Shmuly Chaikin - engagement,announcement,https://collive.com/mazel-tov/page/487/,,"COLlive archive listing dated Aug 22, 2014 (26 Av 5774): Shmuly Chaikin, Johannesburg, and Shoshy Warszawski, Cleveland. Archive page number may shift.",recorded; not globally revalidated
Warszawski,s_collive_inglis_eng,Dovid Inglis & Maimi Warszawski - engagement,announcement,https://collive.com/mazel-tov/page/292/,,"COLlive archive listing dated Dec 28, 2018 (20 Tevet 5779); Dovid Inglis of London to Maimi Warszawski of Crown Heights. ChabadInfo spells his surname Englis; both are retained.",recorded; not globally revalidated
Warszawski,s_collive_shimon_eng,Shimon Warszawski & Mushky Chayempour - engagement,announcement,https://collive.com/mazel-tov/page/290/,,"COLlive archive listing dated Jan 12, 2019; Shimon Warszawski of Cleveland and Mushky Chayempour of Toronto.",recorded; not globally revalidated
Warszawski,s_chi_katz_baby,Baby Girl! - Dovi and Chaya Katz,announcement,https://crownheights.info/mazal_tov/baby-girl-2056/,,"Baby girl announcement of Dovi and Chaya Katz, December 3, 2025; page rendering is garbled and identity match is very likely but not certain. Name not published.",recorded; not globally revalidated
Warszawski,s_cjn_archive,Cleveland Jewish News digital archive access,announcement,https://clevelandjewishhistory.net/res/cjn-archive.htm,,"Late-February 2017 issues are a lead for Joe’s full notice, parents and survivors; archive needs library-card or paid access; no obituary verified there.",recorded; not globally revalidated
Warszawski,s_shaina_other,Another Shaina Hirsch - do not merge,announcement,https://vinnews.com/2020/10/25/mrs-shaina-hirsch-%d7%a2%d7%94-%d7%a9%d7%99%d7%99%d7%a0%d7%94-%d7%9e%d7%9c%d7%9b%d7%94-%d7%91%d7%aa-%d7%97%d7%99%d7%99%d7%9d-%d7%99%d7%97%d7%99%d7%90%d7%9c/,,"A different Mrs. Shaina Hirsch died Oct 2020; listed children do not include Lori. Do not equate with Shaina Yuda ""Gabby"". Not a member of this tree.",recorded; not globally revalidated
Warszawski,s_chi_marinovsky_partial,Houston community mentions Ilana Marinovsky,announcement,https://jhvonline.com/giborah-event-provides-support-for-perinatal-mental-health-p34161-153.htm,,Partial name match only; no proof it is the same Ilana or that she married Shmaya Marinovsky.,recorded; not globally revalidated
Warszawski,s_bacher_teleshevsky,Yosef Yitzchak Bacher - Moushkie Teleshevsky engagement,announcement,https://collive.com/mazel-tov/new-engagement-206-2/,,Johannesburg Bacher and Melbourne Teleshevsky engagement; parents not named.,recorded; not globally revalidated
Warszawski,s_bacher_kugel,Efraim Bacher - Sara Kugel L’Chaim,announcement,https://collive.com/lchaim-bacher-kugel/,,Johannesburg Bacher and Sara Kugel engagement; parents not named.,recorded; not globally revalidated
Warszawski,s_family_knowledge,Family knowledge,user_statement,,,Family knowledge; individual conversations and private exports are not cited. Uncertain details are marked.,unverified/none
Warszawski,s_cjn_1995_szyman,Szyman Warszawski obituary,announcement,https://now.dirxion.com/Cleveland_Jewish_News/viewer/web/viewer.html?file=../../library/Cleveland_Jewish_News_1964-2009%2FCleveland_Jewish_News_08_18_1995.pdf#page=36,,"Printed obituary, page 36. Szyman died July 18, 1995; owned Mayflower Tailoring Co. at Cedar-Center for 25 years; born Poland, lived Russia during WWII, immigrated Cleveland 1962; wife Berta, son Joseph, brother Benyamin, five grandchildren.",recorded; not globally revalidated
Warszawski,s_cjn_1986_hersh,Hersh-Warszawski engagement,announcement,https://now.dirxion.com/Cleveland_Jewish_News/viewer/web/viewer.html?file=../../library/Cleveland_Jewish_News_1964-2009%2FCleveland_Jewish_News_08_29_1986.pdf#page=24,,"Printed announcement, page 24. Laurel Ruth Hersh, daughter of Mr. and Mrs. Lawrence Hersh, engaged to Joseph Warszawski, son of Mr. and Mrs. Sam Warszawski; Laurel graduated Ursuline College and was RN at Rainbow Babies and Children’s Hospital; Joseph attended Cleveland State and was technical adviser at ProSearch of Medina. July 1987 wedding was planned, not established.",recorded; not globally revalidated
Warszawski,s_cjn_1988_ilana,Daughter to Warszawskis birth announcement,announcement,https://now.dirxion.com/Cleveland_Jewish_News/viewer/web/viewer.html?file=../../library/Cleveland_Jewish_News_1964-2009%2FCleveland_Jewish_News_08_26_1988.pdf#page=37,,"Printed announcement, page 37. Joseph and Laurel Warszawski announce Ilana Chava, born June 4; grandparents Szymon and Berta Warszawski and Lawrence and Ilene Hersh; Mr. and Mrs. Mordechai Zelkind named great-grandparents.",recorded; not globally revalidated
Warszawski,s_cjn_1997_zelkind,Mordechi Zelkind monument unveiling,announcement,https://now.dirxion.com/Cleveland_Jewish_News/viewer/web/viewer.html?file=../../library/Cleveland_Jewish_News_1964-2009%2FCleveland_Jewish_News_09_05_1997.pdf#page=45,,"Printed notice, page 45. Mordechi Zelkind, husband of Elka, father of Berta, Gala, Tzila, Masha; grandchildren Joseph, Boris, Ina, Dima. Unveiling Sept. 7, not date of death.",recorded; not globally revalidated
Warszawski,s_cjn_1972_joe_bar,Joseph Warszawski bar mitzvah announcement,announcement,https://now.dirxion.com/Cleveland_Jewish_News/library/Cleveland_Jewish_News_1964-2009/Cleveland_Jewish_News_10_13_1972.pdf#page=15,,"Page 15 names Joseph as son of Mr. and Mrs. Szyman Warszawski and announces a ceremony tomorrow morning at Sinai Synagogue (Saturday Oct. 14, 1972). Period street address intentionally omitted.",recorded; not globally revalidated
Warszawski,s_cjn_1972_larry_activism,Jewish Survival Legion leader Larry Hersh,announcement,https://now.dirxion.com/Cleveland_Jewish_News/library/Cleveland_Jewish_News_1964-2009/Cleveland_Jewish_News_10_13_1972.pdf#page=2,,"Page 2 names Larry Hersh as Cleveland leader and national board member of Jewish Survival Legion, former local Jewish Defense League coordinator, in article on Soviet emigration tax. Not evidence of profession or full views.",recorded; not globally revalidated
Warszawski,s_fortunoff_larry_h,Larry H. Holocaust testimony (HVT-341) - catalog synopsis,announcement,https://collections.ushmm.org/search/catalog/hvt4293582,,"Catalog synopsis of 2h31m videotape, not transcript or viewed testimony. Born Khust, oldest of five children; detailed wartime and postwar chronology; three daughters. Identical interviewer and date to separately cataloged USHMM Larry Hersh interview. Family seven-siblings account conflicts.",recorded; not globally revalidated
Warszawski,s_jvn_larry_memorial,Larry Hersh - Wall of Heroes memorial,announcement,https://jewishveterans.org/heroes,,"Memorial prints Ari Leibi Hershkiwitz (June 1, 1925 - January 3, 2012), Khust/Chus origin, Irgun and Altalena. 1925 birth conflicts with Larry’s age twenty in his 2008 interview about June 1948. January 3, 2012 matches 8 Tevet 5772 before sundown; death time unknown.",recorded; not globally revalidated
Warszawski,s_familysearch_larry_nat_1961,Arie Lawrence Hersh - Cuyahoga naturalization card,document,https://www.familysearch.org/ark:/61903/3:1:3QSQ-G99D-3LFJ?view=index&personArk=%2Fark%3A%2F61903%2F1%3A1%3AK8HM-VF6&action=view&cc=1987615&lang=en,,"Original card image inspected. Arie Lawrence Hersh, birth entry 6/1/25, age 36, naturalized August 11, 1961 in U.S. District Court, recorded August 23. Office no. 201619; certificate no. 8195469. Remarks ""Name changed as part of nat. proc."" and a handwritten line of his own names under a misleading wife-name label: ARIE - LARRY - HERSHKOVITZ. It is not a spouse entry. Origin line at right unresolved. Historical residential address withheld from public copy.",recorded; not globally revalidated
Warszawski,s_numident_szymon_index,Szymon Warszavski - Social Security NUMIDENT index,document,https://www.familysearch.org/ark:/61903/1:1:6K33-WH43?lang=en,,"Indexed NUMIDENT extraction displayed on authenticated FamilySearch page; no underlying SS-5 image available. Gives birth April 1, 1918 in Warsaw, Poland; June 1963 social program application; Cleveland; death July 18, 1995; parents indexed as Joseph Warszavski and Rochel Goldberg. Same death date as original 1995 obituary supports identity. Parent spellings and birth details require original SS-5 or other independent record.",recorded; not globally revalidated
Warszawski,s_numident_elka_index,Elka Kagan Zelkind - Social Security NUMIDENT index,document,https://www.familysearch.org/ark:/61903/1:1:6K3K-RD5Q?lang=en,,"Authenticated indexed page screenshot inspected; no original SS-5 image. Elka Kagan Zelkind (alias Elka Kagan Kaga), birth November 12, 1913 in indexed ""Bubruysk, Soviet Union"" (the Soviet Union label is anachronistic for 1913), April 29, 1981 application, Cleveland, death March 14, 2005. Indexed parents Isac Kaga and Tsilya Gershon. Ohio death index gives paternal surname Kogan; Kaga/Kagan/Kogan are unverified variants, not merged into a legal maiden name.",recorded; not globally revalidated
Warszawski,s_zion_cemetery_register_2026,Zion Memorial Park burial register - Warszawski and Zelkind surname results,document,https://m.zionmemorialpark.com/searchlname.php,,"Cemetery-operated last-name search inspected September 25, 2026. Warszawski: BERTHA interred Nov 29, 2016, Z6 row 1 grave 58. Zelkind: ELKA interred March 16, 2005, Z6 row 4 grave 110; MORDUKH interred Sept 25, 1996, Z6 row 6 grave 110; GAIL interred Feb 1, 2013, Z6 row 4 grave 111. Interment dates, not death dates; cemetery cautions typos/human error. Gail relationship unproved. Hersh search: ILEEN interred May 24, 2009, Z3 row 1 grave 34; LAWRENCE interred Jan 3, 2012, Z3 row 1 grave 35; duplicate Jan 5 RESERVE line at same grave is not a separate burial.",recorded; not globally revalidated
Warszawski,s_billiongraves_berta_stone,"Berta Warszawski headstone, Zion Memorial Park",photo,https://billiongraves.com/grave/Berta-Warszawski/35751968,,"Headstone photo and record page inspected September 25, 2026. Stone visibly reads Berta Warszawski, May 15, 1935 - Nov 28, 2016. Burial register lists Nov 29 interment. Hebrew inscription not fully transcribed from low-resolution image. Stone civil date conflicts with family yahrtzeit 26 Cheshvan (corresponding to Nov 27 daytime in 5777); keep both and seek death record or clearer stone photo.",recorded; not globally revalidated
Warszawski,s_billiongraves_elka_stone,Elka Zelkind headstone portrait and date range,photo,https://billiongraves.com/grave/Elka-Zelkino/35589565,,"Page index misrenders surname Zelkino; screenshot of stone appears to read ELKA ZELKIND and carries her portrait. Stone gives 1914-2005, conflicting with NUMIDENT derivative Nov 12, 1913 birth. Further close-up reading needed before exact Hebrew/dates; correlation to cemetery Elka record remains strong but not conclusive.",recorded; not globally revalidated
Warszawski,s_billiongraves_gail_stone,Gail Zelkind headstone dates,photo,https://billiongraves.com/grave/Gail-Zelkind/35646138,,"Screenshot of stone reads GAIL ZELKIND July 25, 1942 - Feb 28, 2013. Cemetery register lists Gail interred Feb 1, 2013, chronologically impossible if stone date is correct. Relationship to Elka or CJN daughter Gala remains unproven.",recorded; not globally revalidated
Warszawski,s_billiongraves_mordukh_stone,Mordukh Zelkind headstone portrait and date range,photo,https://billiongraves.com/grave/Mordukh-Zelkind/35635476,,"Page and screenshot inspected September 25, 2026: gravestone with portrait, MORDUKH ZELKIND, 1912-1996. Site offers paid high-resolution photo; no payment made. Cemetery register lists Sept 25, 1996 interment, not death date.",recorded; not globally revalidated
Warszawski,s_jd_zvi_warszawski,"Zvi Warszawski headstone, Jewishdata item 443207",photo,,,"Montreal stone reads Zvi Warszawski, April 5, 1926-June 3, 1976, beloved husband and father. No names of spouse or children; identity not established as connected to Cleveland Warszawski line.",original scan in corresponding family archive
Warszawski,s_jd_benjamin_zelkind,"Benjamin Zelkind headstone, Jewishdata item 271689",photo,,,"New York stone reads Benjamin Zelkind, died Jan. 28, 1961 at age 60. No relationship to Berta/Mordechi/Elka demonstrated.",original scan in corresponding family archive
Warszawski,s_jd_wolf_zelkind,"Wolf Zelkind headstone, Jewishdata item 377384",photo,,,"Brooklyn stone reads Wolf Zelkind, October 1921 death at age 56; no relationship to Cleveland Zelkind line demonstrated.",original scan in corresponding family archive
Warszawski,s_pd_1996_mordukh,Mordukh Zelkind Plain Dealer death notice,newspaper_notice,https://cpl.org/newsindex/showrecord/?record=612316&type=news,original clipping inspected,"Original September 25, 1996 p. B8 clipping inspected; names wife Elka nee Kogen and daughters Bertha Warshawsky, Gail Zelkind, Maria Komisarchik, Celya Elin. Historical address omitted; service is not death date.",CPL index fetched; scan supplied by user
Warszawski,s_pd_2009_ileen,Ileen Hersh Plain Dealer death notice,newspaper_notice,https://cpl.org/newsindex/showrecord/?record=429063&type=news,original clipping inspected,"Original May 23, 2009 p. B4 clipping inspected; Ileen nee Garson, Lawrence wife, Laurel Warszawski and granddaughter Shoshana. Service May 24; death day unstated. Historical address and phone omitted.",CPL index fetched; scan supplied by user
Chaikin,src_jem_koppel_2016,Here’s My Story: Nothing to Fear,interview,https://crownheights.info/something-jewish/530483/heres-my-story-nothing-to-fear/,primary,"First-person Koppel Bacher interview in October 2010, published 2016. He says he went to 770 in 1955 at fourteen, Montreal two years later, returned South Africa in 1961, marriage advice in 1962, married and came to Rebbe audience, and remembers teaching, family visits and robbery amid unrest. Teacher Greenglass quote is a paraphrase by Koppel, not a verbatim Rebbe transcript.",source page fetched Sep 25 2026
Chaikin,src_sajr_lipskar_2022,Lipskars celebrate 50 years of following their calling,interview,https://www.sajr.co.za/lipskars-celebrate-50-years-of-following-their-calling/,primary,"Interviews with Mendel and Mashi Lipskar and Koppel Bacher. Says he financed and brought the Lipskars in 1972, and that he brought other rabbis including Yossy Goldman. It describes a nine-year stay abroad after 1955, in tension with Koppel’s first-person 1961 return. Its 20 centers and 60-plus shluchim count is as of 2022.",source page fetched Sep 25 2026
Chaikin,src_jewishlife_bacher_2024,The Trailblazers,news,https://www.jewishlife.co.za/new/2024/08/06/the-trailblazers/,secondary,"South African communal history says Koppel studied abroad from fourteen in 1955, then chose family wholesaling rather than formal rabbinate, joined Yeshiva College board, late-1960s Kollel Yad Shaul, and helped establish Chabad locally. Its nine-year overseas figure conflicts with Koppel’s first-person 1961 return.",source page fetched Sep 25 2026
Chaikin,src_sajr_nach_selma_2022,Six-year programme pays tribute to Selma,news,https://www.sajr.co.za/six-year-programme-pays-tribute-to-selma/,secondary,"Selma Bacher educational legacy; inspect exact programme, dates and school claims against original article before quoting in print.",research source; verify claim against page
Chaikin,src_chabad_yossy_sa_2020,How the Rebbe Saved South African Jewry,article_by_family_member,https://www.chabad.org/therebbe/article_cdo/aid/4787128/jewish/How-the-Rebbe-Saved-South-African-Jewry.htm,secondary,"Yossy Goldman’s first-person retrospective reports his 1976 South Africa arrival, Mendel Lipskar earlier by four years, and Koppel Bacher relaying a reassurance on the day of Nelson Mandela’s February 11, 1990 release. This is a recollection, not transcript of the encounter.",source page fetched Sep 25 2026
Chaikin,src_chabadinfo_koppel_2024,South Africa: Rabbi Avraham Koppel Bacher (Hebrew),obituary,https://chabad.info/bdh/1071471/,secondary,"Published 25 Adar II 5784; describes death on Tuesday 23 Adar II, burial the previous day, family background and his Johannesburg shlichus role. The publication date is not his death date.",source page fetched Sep 25 2026
Chaikin,src_igros_vol7_index_1890,"Igros Kodesh vol. 7 index, letter 1890 to Chaim Shaul Zev Bacher",document,https://www.torahrecordings.com/rebbe/igroskodesh/007/002/,secondary,"Index entry addressed to Chaim Shaul Zev Bacher, dated 4 Mar-Cheshvan 5713; English/Yiddish heading refers to warm connection, blessings and business guidance. The original letter page and full wording have not yet been inspected.",source page fetched Sep 25 2026
Chaikin,src_cjc_ordination_1955,Canadian Jewish Chronicle December 2 1955 - Rabbinical College of Canada ordination page,document,,secondary,"Full page for the Dec 4 1955 ordination at Young Israel Auditorium; prints Rabbi M. Chaikin first among staff as Rosh Yeshivah. Original scan archived with anash.org watermark; derived crops on the site.",recorded from dig lane round 5
Chaikin,src_anash_montreal_5715,From the Archives: Montreal 5715/1955,news,https://anash.org/from-the-archives-montreal-5715-1955/,secondary,"Republishes the 1955 ordination page with where-are-they-now notes. Its '15 Kislev 5726/1955' is a typo; 15 Kislev 5726 = Dec 9 1965.",source page fetched Sep 26 2026
Chaikin,src_kramer_film_1955,Color film of the December 1955 Tomchei Tmimim Montreal ordination ceremony,video,https://youtu.be/S8RPn1Qti18,secondary,"11:18 color film from Rabbi Kramer's legacy collection; Meir Chaim appears as Rosh Yeshivah. mp4 archived; full event video requested from uploader.",recorded from dig lane round 5
Chaikin,src_chabadlibrary_koppel_card,Sefer HaChassidim card index entry: Bacher Avraham Koppel HaLevi,document,https://chabadlibrary.org/chasidim/C2.html,primary,"Koppel's own-hand card dated 25 [Av?] 5722: born 5701 Johannesburg to Chaim Shaul Ze'ev and Chana; yeshiva from 5716 until 5722.",recorded from dig lane round 5
Chaikin,src_igros_1890_fulltext,Igros Kodesh vol. 7 letter 1890 full text (Yiddish),letter,https://www.torahrecordings.com/rebbe/igroskodesh/007/002/1890,primary,"Letter of 4 Mar-Cheshvan 5713 to Chaim Shaul Zev Bacher read in full. The page's English auto-translation misrenders the Hebrew date as 4th of Menahem Av; the Hebrew date governs.",source page fetched Sep 26 2026
Chaikin,src_sajr_kinus_2024,Chabad kinus focuses on Yiddishkeit and unity,article_by_family_member,https://www.sajr.co.za/chabad-kinus-focuses-on-yiddishkeit-and-unity/,secondary,"SA Jewish Report June 20 2024 by Rabbi Yossi Chaikin: the 2024 national Chabad kinus was dedicated to Koppel Bacher's memory.",source page fetched Sep 26 2026
Chaikin,src_vinnews_selma,Mrs. Selma Bacher obituary,obituary,https://vinnews.com/2021/05/04/mrs-selma-bacher-%d7%a2%d7%94-%d7%a1%d7%99%d7%9e%d7%94-%d7%a8%d7%90%d7%a0%d7%99%d7%a2-%d7%91%d7%aa-%d7%a9%d7%9c%d7%9e%d7%94/,secondary,"Gives her Hebrew name as Sima Rania bas Shlomo and parents R' Shlomo and Helen Goldman of Brooklyn. Single-source; not reconciled with family-knowledge naming.",recorded from dig lane round 5
Chaikin,src_jewishgen_antwerp_register,Register of Burials in Antwerp Belgium in the MACHSIKE HADAS Cemetery 1939-1958,document,https://kehilalinks.jewishgen.org/kolbuszowa/resources10.html,secondary,"Entry: CHAIKIN-KOHANOFF SARA b. 10.11.1910 Skolow d. 30.07.1947 / 13 Av plot F-63-17 resident Jacob Jacobsstraat 15. Machsike Hadas buries at Putte (Woensdrecht) NL. Identity as Meir Chaim's first wife is strong inference.",recorded from dig lane round 6
Chaikin,src_jowbr_machsike_hadas_records,JOWBR records: Putte Machsike Hadas and Antwerp Shomre Hadas,document,https://www.jewishgen.org/databases/Cemetery/,secondary,"J_NETHERLA_0003828 corroborates 30-Jul-1947 / 13 Av; J_NETHERLA_0003838 CHEIKIN 01-Aug-1947 plot I-63-17 likely burial date; J_BELGIUM_0005244 sparse.",recorded from dig lane round 6
Chaikin,src_rje_meir_chaim,KHAIKIN Meir-Khaim (Russian Jewish Encyclopedia),encyclopedia,https://jewsencyclopedia.com/index.php/ХАЙКИН_Меир-Хаим,secondary,"Born 1907 Chernigov province; Nevel yeshiva; late 1920s Surazh; then Zestafoni and Tbilisi; arrested and exiled; left USSR 1946; Stockholm; Montreal from 1951 heading Tomchei Tmimim.",recorded from dig lane round 6
Warszawski,s_jowbr_sam_warszawski,JOWBR burial record: Sam Warszawski (J_OH_0059293),document,https://www.jewishgen.org/databases/cemetery/jowbr.php?rec=J_OH_0059293,secondary,"Burial 19-Jul-1995 plot 6-6-111 Zion Memorial Park Cemetery Bedford OH.",recorded from dig lane
Warszawski,s_jowbr_mordukh_zelkind,JOWBR burial record: Mordukh Zelkind (J_OH_0059681),document,https://www.jewishgen.org/databases/cemetery/jowbr.php?rec=J_OH_0059681,secondary,"Burial 25-Sep-1996 plot 6-6-110 adjacent to Sam Warszawski.",recorded from dig lane
Warszawski,s_jowbr_elka_zelkind,JOWBR burial record: Elka Zelkind (J_OH_0059679),document,https://www.jewishgen.org/databases/cemetery/jowbr.php?rec=J_OH_0059679,secondary,"Burial 16-Mar-2005 plot 6-4-110 Zion Memorial Park.",recorded from dig lane
Warszawski,s_jowbr_gail_zelkind,JOWBR burial record: Gail Zelkind (J_OH_0059680),document,https://www.jewishgen.org/databases/cemetery/jowbr.php?rec=J_OH_0059680,secondary,"Died 31-Jan-2013 plot 6-4-111; fits cemetery Feb 1 interment while the stone reads Feb 28 - conflict kept.",recorded from dig lane
Chaikin,src_montefiore_burial_search,Old Montefiore Cemetery burial search (Chaikin query),place_reference,https://montefiorecemetery.org/search,primary,"Meir Chaim d. 12/9/1965 age 58 Gate 66/N Block 94 Row 003L Grave 25 Chabad society (database 'Mayer'); Cyla d. 10/23/2006 age 88 Block 94 Row 005R Grave 8; MAX (BABY) d. 10/8/1996 unidentified. Resolves JOWBR-Quebec negative.",recorded from dig lane round 7
Chaikin,src_cjr_meir_obit_1965,Rabbi M. Chaikin obituary Canadian Jewish Review Dec 31 1965 p.4,obituary,https://archive.org/details/per_canadian-jewish-review_1965-12-31_48_14,primary,"Died at home Montreal Dec 9 age 58; widow Celia; sons Ezriel (Copenhagen) and Berl; daughters Mrs. Baruch Brickman (Clara) NY and Mrs. Nathan Gourarie (Hinda) Montreal; nine grandchildren named; funeral from the Rabbinical College, Rabbi L. Kramer officiating; dean fifteen years; Chief Rabbi of Stockholm before Montreal (1950). Street addresses kept in private research note.",recorded from dig lane round 7
Chaikin,src_derher_adar_5775,A Crack in the Iron Curtain Derher Adar 5775 pp. 45-52,article_by_family_member,,secondary,"Reb Ezriel Chaikin as the Rebbe's shliach in Copenhagen coordinating the Russia (Tbilisi) mission; sidebar Verdict of a Beis Din sourced to him; main narrator unidentified. PDF archived in Drive.",recorded from dig lane round 7
