union_id,parent_id,child_id
uni_joe_lori,per_joe,per_ilana
uni_joe_lori,per_joe,per_aliya
uni_joe_lori,per_joe,per_shoshy
uni_joe_lori,per_joe,per_yechiel
uni_joe_lori,per_joe,per_shimon
uni_joe_lori,per_joe,per_chaya_brocha
uni_joe_lori,per_joe,per_hadassa
uni_joe_lori,per_joe,per_simcha
uni_joe_lori,per_joe,per_maimi
uni_joe_lori,per_lori,per_ilana
uni_joe_lori,per_lori,per_aliya
uni_joe_lori,per_lori,per_shoshy
uni_joe_lori,per_lori,per_yechiel
uni_joe_lori,per_lori,per_shimon
uni_joe_lori,per_lori,per_chaya_brocha
uni_joe_lori,per_lori,per_hadassa
uni_joe_lori,per_lori,per_simcha
uni_joe_lori,per_lori,per_maimi
uni_bertha,per_bertha,per_joe
uni_bertha,per_shimon_elder,per_joe
uni_larry_shaina,per_larry,per_lori
uni_larry_shaina,per_larry,per_susanne_greenberg
uni_larry_shaina,per_larry,per_marcy_hirsch
uni_larry_shaina,per_shaina,per_lori
uni_larry_shaina,per_shaina,per_susanne_greenberg
uni_larry_shaina,per_shaina,per_marcy_hirsch
uni_chaikin,per_shoshy,per_ella
uni_chaikin,per_shoshy,per_abie
uni_chaikin,per_shoshy,per_mika
uni_chaikin,per_shmuel,per_ella
uni_chaikin,per_shmuel,per_abie
uni_chaikin,per_shmuel,per_mika
uni_shimon,per_shimon,per_shimon_baby
uni_shimon,per_mushky,per_shimon_baby
uni_katz,per_chaya_brocha,per_katz_baby_2025
uni_katz,per_dovi,per_katz_baby_2025
uni_mordechai_elka,per_mordechai_zelkind,per_bertha
uni_mordechai_elka,per_elka_zelkind,per_bertha
