id,type,title,publisher,date,url,description
s_user,user_statement,Family account - Warszawski family list,,2026-09-24,,"Parents Joe Warszawski and Lori (Leah) Hirsch and their children's households, listed 'not in any particular order'."
s_user2,user_statement,Family account - correction,,2026-09-24,,Only one Yechiel; adds Maimi and Dovid Inglis.
s_user_kids,user_statement,Family account - Shoshy and Shmuel's household,,2026-09-24,,"Shmuel and Shoshy's children Ella, Abie and Mika."
s_user3,user_statement,Family account - Joe and Lori,,2026-09-24,,Joe and Lori lived in Cleveland; Joe passed away about ten years ago; Joe's mother was Bertha.
s_user4,user_statement,Family account - Joe's date of passing,,2026-09-24,,"The family confirmed Joe passed away on February 18, matching the Heights High memorial page."
s_user5,user_statement,Family account - Shoshy (Lori's parents),,2026-09-24,,"Shoshy: Lori's father was Zeidy Larry, Hebrew name Aryeh Leib; her mother was Bubby Gabby, Hebrew name Shaina Yuda."
s_heights1978,announcement,In Memory: Joseph Sam Warszawski - Cleveland Heights High School class of 1978,Heights High Class of 1978 site,,https://www.heights1978.com/class_profile.cfm?member_id=9607418,"Memorial listing: 'Joseph Warszawski, October 19, 1959 - February 18, 2017', arrangements by Berkowitz-Kumin-Bookatz Memorial Chapel, Cleveland Heights, OH."
s_ci_chaikin,announcement,ChabadInfo Mazal Tov archive: Shmuly Chaikin - Shoshy Warszawski,ChabadInfo,,https://chabadinfo.com/mazal-tov/page/92/,"Engagement listing: 'Shmuly Chaikin from Johannesburg, South Africa to Shoshy Warszawski from Cleveland, Ohio'. The archive page shows no date, and archive page numbers shift as new items are added."
s_col_andrusier,announcement,L'Chaim: Andrusier - Warszaski,COLlive,2013-10-09,https://collive.com/lchaim-andrusier-warszaski/,"L'Chaim of Shmuly Andrusier of Crown Heights and Aliyah Warszaski of Cleveland, OH at Beis Levi Yitzchak shul, Crown Heights."
s_col_chayempour,announcement,L'Chaim: Warszawski - Chayempour,COLlive,2019-01-23,https://collive.com/lchaim-warszawski-chayempour/,"L'Chaim of Shimon Warszawski of Cleveland, Ohio and Mushkie Chayempour of Toronto, Canada at Lubavitch Yeshiva Hall, Crown Heights."
s_chi_baby2020,announcement,Baby Girl! - Shimon and Mushkie (nee Chayempour) Warszawski,CrownHeights.info,2020-01-20,https://crownheights.info/mazal_tov/baby-girl-1653/,"Birth announcement, family listed as Crown Heights. The baby's name is not given."
s_chi_hirsch_eng,announcement,New Engagement! - Daniel Hirsch to Dassi Warszwaski,CrownHeights.info,2022-11-06,https://crownheights.info/mazal_tov/new-engagement-2768/,"Daniel Hirsch (Coral Springs, FL) to Dassi Warszwaski (Cleveland, OH). L'Chaim that night, Sunday, at Machon Chana."
s_anash_hirsch_lc,announcement,L'Chaim: Hirsch - Warszawski,Anash.org,2022-11-09,https://anash.org/lchaim-hirsch-warszawski/,"L'Chaim of Donni Hirsch of Coral Springs, Florida and Dassi Warszawski of Cleveland, Ohio, Sunday night at Ulam Chana Hall."
s_col_hirsch_lc,announcement,L'Chaim: Hirsch - Warszawski,COLlive,2022-11-10,https://collive.com/lchaim-hirsch-warszawski/,"Same L'Chaim, at Ulam Chana Hall in Crown Heights."
s_anash_hirsch_wed,announcement,Wedding: Hirsch - Warszwaski,Anash.org,2023-02-03,https://anash.org/wedding-hirsch-warszwaski/,"Wedding of Daniel Hirsch of Coral Springs, FL and Dassi Warszwaski of Cleveland, OH, 'Thursday night' at Oholei Torah Ballroom."
s_col_katz_eng,announcement,New Engagement: Dovi Katz - Chaya Warszawski,COLlive,2023-01-10,https://collive.com/mazel-tov/dovi-katz-crown-heights-to-chaya-warszawski-cleveland-ohio/,"Dovi Katz (Crown Heights) to Chaya Warszawski (Cleveland, Ohio). L'Chaim 'tonight (Tues.)' at Lubavitch Yeshiva. Posted January 10, 2023 - 17 Tevet 5783."
s_anash_katz_lc,announcement,L'Chaim: Katz - Warszawski,Anash.org,2023-01-12,https://anash.org/lchaim-katz-warszawski/,L'Chaim Tuesday night at Lubavitch Yeshiva.
s_col_katz_lc,announcement,L'Chaim: Katz - Warszawski,COLlive,2023-01-11,https://collive.com/lchaim-katz-warszawski/,"L'Chaim at Lubavitch Yeshiva Hall, Crown Heights."
s_anash_katz_wed,announcement,Wedding: Katz - Warszawski,Anash.org,2023-03-14,https://anash.org/wedding-katz-warszawski/,"Wedding of Dovi Katz of Crown Heights and Chaya Warszawski of Cleveland, Ohio, 'Sunday night' at Oholei Torah."
s_ci_inglis,announcement,ChabadInfo Mazal Tov archive: Dovid Englis - Maimi Warszawski,ChabadInfo,,https://chabadinfo.com/mazal-tov/page/42/,"Engagement listing: 'Dovid Englis - London, England to Maimi Warszawski - Crown Heights'. Spelled Englis there; Shmuel spells it Inglis. No date on the archive page, and page numbers shift over time."
s_collive_chaikin_eng,announcement,Shoshy Warszawski & Shmuly Chaikin - engagement,COLlive,2014-08-22,https://collive.com/mazel-tov/page/487/,"COLlive archive listing dated Aug 22, 2014 (26 Av 5774): Shmuly Chaikin, Johannesburg, and Shoshy Warszawski, Cleveland. Archive page number may shift."
s_collive_inglis_eng,announcement,Dovid Inglis & Maimi Warszawski - engagement,COLlive,2018-12-28,https://collive.com/mazel-tov/page/292/,"COLlive archive listing dated Dec 28, 2018 (20 Tevet 5779); Dovid Inglis of London to Maimi Warszawski of Crown Heights. ChabadInfo spells his surname Englis; both are retained."
s_collive_shimon_eng,announcement,Shimon Warszawski & Mushky Chayempour - engagement,COLlive,2019-01-12,https://collive.com/mazel-tov/page/290/,"COLlive archive listing dated Jan 12, 2019; Shimon Warszawski of Cleveland and Mushky Chayempour of Toronto."
s_chi_katz_baby,announcement,Baby Girl! - Dovi and Chaya Katz,CrownHeights.info,2025-12-03,https://crownheights.info/mazal_tov/baby-girl-2056/,"Baby girl announcement of Dovi and Chaya Katz, December 3, 2025; page rendering is garbled and identity match is very likely but not certain. Name not published."
s_cjn_archive,announcement,Cleveland Jewish News digital archive access,CrownHeights.info,,https://clevelandjewishhistory.net/res/cjn-archive.htm,"Late-February 2017 issues are a lead for Joe’s full notice, parents and survivors; archive needs library-card or paid access; no obituary verified there."
s_shaina_other,announcement,Another Shaina Hirsch - do not merge,CrownHeights.info,,https://vinnews.com/2020/10/25/mrs-shaina-hirsch-%d7%a2%d7%94-%d7%a9%d7%99%d7%99%d7%a0%d7%94-%d7%9e%d7%9c%d7%9b%d7%94-%d7%91%d7%aa-%d7%97%d7%99%d7%99%d7%9d-%d7%99%d7%97%d7%99%d7%90%d7%9c/,"A different Mrs. Shaina Hirsch died Oct 2020; listed children do not include Lori. Do not equate with Shaina Yuda ""Gabby"". Not a member of this tree."
s_chi_marinovsky_partial,announcement,Houston community mentions Ilana Marinovsky,CrownHeights.info,,https://jhvonline.com/giborah-event-provides-support-for-perinatal-mental-health-p34161-153.htm,Partial name match only; no proof it is the same Ilana or that she married Shmaya Marinovsky.
s_bacher_teleshevsky,announcement,Yosef Yitzchak Bacher - Moushkie Teleshevsky engagement,COLlive,2014-06-10,https://collive.com/mazel-tov/new-engagement-206-2/,Johannesburg Bacher and Melbourne Teleshevsky engagement; parents not named.
s_bacher_kugel,announcement,Efraim Bacher - Sara Kugel L’Chaim,COLlive,2025-01-29,https://collive.com/lchaim-bacher-kugel/,Johannesburg Bacher and Sara Kugel engagement; parents not named.
s_family_knowledge,user_statement,Family knowledge,,,,Family knowledge; individual conversations and private exports are not cited. Uncertain details are marked.
s_cjn_1995_szyman,announcement,Szyman Warszawski obituary,Cleveland Jewish News,1995-08-18,https://now.dirxion.com/Cleveland_Jewish_News/viewer/web/viewer.html?file=../../library/Cleveland_Jewish_News_1964-2009%2FCleveland_Jewish_News_08_18_1995.pdf#page=36,"Printed obituary, page 36. Szyman died July 18, 1995; owned Mayflower Tailoring Co. at Cedar-Center for 25 years; born Poland, lived Russia during WWII, immigrated Cleveland 1962; wife Berta, son Joseph, brother Benyamin, five grandchildren."
s_cjn_1986_hersh,announcement,Hersh-Warszawski engagement,Cleveland Jewish News,1986-08-29,https://now.dirxion.com/Cleveland_Jewish_News/viewer/web/viewer.html?file=../../library/Cleveland_Jewish_News_1964-2009%2FCleveland_Jewish_News_08_29_1986.pdf#page=24,"Printed announcement, page 24. Laurel Ruth Hersh, daughter of Mr. and Mrs. Lawrence Hersh, engaged to Joseph Warszawski, son of Mr. and Mrs. Sam Warszawski; Laurel graduated Ursuline College and was RN at Rainbow Babies and Children’s Hospital; Joseph attended Cleveland State and was technical adviser at ProSearch of Medina. July 1987 wedding was planned, not established."
s_cjn_1988_ilana,announcement,Daughter to Warszawskis birth announcement,Cleveland Jewish News,1988-08-26,https://now.dirxion.com/Cleveland_Jewish_News/viewer/web/viewer.html?file=../../library/Cleveland_Jewish_News_1964-2009%2FCleveland_Jewish_News_08_26_1988.pdf#page=37,"Printed announcement, page 37. Joseph and Laurel Warszawski announce Ilana Chava, born June 4; grandparents Szymon and Berta Warszawski and Lawrence and Ilene Hersh; Mr. and Mrs. Mordechai Zelkind named great-grandparents."
s_cjn_1997_zelkind,announcement,Mordechi Zelkind monument unveiling,Cleveland Jewish News,1997-09-05,https://now.dirxion.com/Cleveland_Jewish_News/viewer/web/viewer.html?file=../../library/Cleveland_Jewish_News_1964-2009%2FCleveland_Jewish_News_09_05_1997.pdf#page=45,"Printed notice, page 45. Mordechi Zelkind, husband of Elka, father of Berta, Gala, Tzila, Masha; grandchildren Joseph, Boris, Ina, Dima. Unveiling Sept. 7, not date of death."
s_cjn_1972_joe_bar,announcement,Joseph Warszawski bar mitzvah announcement,Cleveland Jewish News,1972-10-13,https://now.dirxion.com/Cleveland_Jewish_News/library/Cleveland_Jewish_News_1964-2009/Cleveland_Jewish_News_10_13_1972.pdf#page=15,"Page 15 names Joseph as son of Mr. and Mrs. Szyman Warszawski and announces a ceremony tomorrow morning at Sinai Synagogue (Saturday Oct. 14, 1972). Period street address intentionally omitted."
s_cjn_1972_larry_activism,announcement,Jewish Survival Legion leader Larry Hersh,Cleveland Jewish News,1972-10-13,https://now.dirxion.com/Cleveland_Jewish_News/library/Cleveland_Jewish_News_1964-2009/Cleveland_Jewish_News_10_13_1972.pdf#page=2,"Page 2 names Larry Hersh as Cleveland leader and national board member of Jewish Survival Legion, former local Jewish Defense League coordinator, in article on Soviet emigration tax. Not evidence of profession or full views."
s_fortunoff_larry_h,announcement,Larry H. Holocaust testimony (HVT-341) - catalog synopsis,Fortunoff Video Archive / Yale University Library,1984-08-13,https://collections.ushmm.org/search/catalog/hvt4293582,"Catalog synopsis of 2h31m videotape, not transcript or viewed testimony. Born Khust, oldest of five children; detailed wartime and postwar chronology; three daughters. Identical interviewer and date to separately cataloged USHMM Larry Hersh interview. Family seven-siblings account conflicts."
s_jvn_larry_memorial,announcement,Larry Hersh - Wall of Heroes memorial,Jewish Veterans Network,,https://jewishveterans.org/heroes,"Memorial prints Ari Leibi Hershkiwitz (June 1, 1925 - January 3, 2012), Khust/Chus origin, Irgun and Altalena. 1925 birth conflicts with Larry’s age twenty in his 2008 interview about June 1948. January 3, 2012 matches 8 Tevet 5772 before sundown; death time unknown."
s_familysearch_larry_nat_1961,document,Arie Lawrence Hersh - Cuyahoga naturalization card,"FamilySearch / U.S. District Court, Cleveland",1961-08-11,https://www.familysearch.org/ark:/61903/3:1:3QSQ-G99D-3LFJ?view=index&personArk=%2Fark%3A%2F61903%2F1%3A1%3AK8HM-VF6&action=view&cc=1987615&lang=en,"Original card image inspected. Arie Lawrence Hersh, birth entry 6/1/25, age 36, naturalized August 11, 1961 in U.S. District Court, recorded August 23. Office no. 201619; certificate no. 8195469. Remarks ""Name changed as part of nat. proc."" and a handwritten line of his own names under a misleading wife-name label: ARIE - LARRY - HERSHKOVITZ. It is not a spouse entry. Origin line at right unresolved. Historical residential address withheld from public copy."
s_numident_szymon_index,document,Szymon Warszavski - Social Security NUMIDENT index,FamilySearch / U.S. Social Security Administration,,https://www.familysearch.org/ark:/61903/1:1:6K33-WH43?lang=en,"Indexed NUMIDENT extraction displayed on authenticated FamilySearch page; no underlying SS-5 image available. Gives birth April 1, 1918 in Warsaw, Poland; June 1963 social program application; Cleveland; death July 18, 1995; parents indexed as Joseph Warszavski and Rochel Goldberg. Same death date as original 1995 obituary supports identity. Parent spellings and birth details require original SS-5 or other independent record."
s_numident_elka_index,document,Elka Kagan Zelkind - Social Security NUMIDENT index,FamilySearch / U.S. Social Security Administration,,https://www.familysearch.org/ark:/61903/1:1:6K3K-RD5Q?lang=en,"Authenticated indexed page screenshot inspected; no original SS-5 image. Elka Kagan Zelkind (alias Elka Kagan Kaga), birth November 12, 1913 in indexed ""Bubruysk, Soviet Union"" (the Soviet Union label is anachronistic for 1913), April 29, 1981 application, Cleveland, death March 14, 2005. Indexed parents Isac Kaga and Tsilya Gershon. Ohio death index gives paternal surname Kogan; Kaga/Kagan/Kogan are unverified variants, not merged into a legal maiden name."
s_zion_cemetery_register_2026,document,Zion Memorial Park burial register - Warszawski and Zelkind surname results,"Zion Memorial Park, Bedford Heights, Ohio",,https://m.zionmemorialpark.com/searchlname.php,"Cemetery-operated last-name search inspected September 25, 2026. Warszawski: BERTHA interred Nov 29, 2016, Z6 row 1 grave 58. Zelkind: ELKA interred March 16, 2005, Z6 row 4 grave 110; MORDUKH interred Sept 25, 1996, Z6 row 6 grave 110; GAIL interred Feb 1, 2013, Z6 row 4 grave 111. Interment dates, not death dates; cemetery cautions typos/human error. Gail relationship unproved. Hersh search: ILEEN interred May 24, 2009, Z3 row 1 grave 34; LAWRENCE interred Jan 3, 2012, Z3 row 1 grave 35; duplicate Jan 5 RESERVE line at same grave is not a separate burial."
s_billiongraves_berta_stone,photo,"Berta Warszawski headstone, Zion Memorial Park",BillionGraves / Zion Memorial Park,,https://billiongraves.com/grave/Berta-Warszawski/35751968,"Headstone photo and record page inspected September 25, 2026. Stone visibly reads Berta Warszawski, May 15, 1935 - Nov 28, 2016. Burial register lists Nov 29 interment. Hebrew inscription not fully transcribed from low-resolution image. Stone civil date conflicts with family yahrtzeit 26 Cheshvan (corresponding to Nov 27 daytime in 5777); keep both and seek death record or clearer stone photo."
s_billiongraves_elka_stone,photo,Elka Zelkind headstone portrait and date range,BillionGraves / Zion Memorial Park,,https://billiongraves.com/grave/Elka-Zelkino/35589565,"Page index misrenders surname Zelkino; screenshot of stone appears to read ELKA ZELKIND and carries her portrait. Stone gives 1914-2005, conflicting with NUMIDENT derivative Nov 12, 1913 birth. Further close-up reading needed before exact Hebrew/dates; correlation to cemetery Elka record remains strong but not conclusive."
s_billiongraves_gail_stone,photo,Gail Zelkind headstone dates,BillionGraves / Zion Memorial Park,,https://billiongraves.com/grave/Gail-Zelkind/35646138,"Screenshot of stone reads GAIL ZELKIND July 25, 1942 - Feb 28, 2013. Cemetery register lists Gail interred Feb 1, 2013, chronologically impossible if stone date is correct. Relationship to Elka or CJN daughter Gala remains unproven."
s_billiongraves_mordukh_stone,photo,Mordukh Zelkind headstone portrait and date range,BillionGraves / Zion Memorial Park,,https://billiongraves.com/grave/Mordukh-Zelkind/35635476,"Page and screenshot inspected September 25, 2026: gravestone with portrait, MORDUKH ZELKIND, 1912-1996. Site offers paid high-resolution photo; no payment made. Cemetery register lists Sept 25, 1996 interment, not death date."
s_jd_zvi_warszawski,photo,"Zvi Warszawski headstone, Jewishdata item 443207",JewishData,,,"Montreal stone reads Zvi Warszawski, April 5, 1926-June 3, 1976, beloved husband and father. No names of spouse or children; identity not established as connected to Cleveland Warszawski line."
s_jd_benjamin_zelkind,photo,"Benjamin Zelkind headstone, Jewishdata item 271689",JewishData,,,"New York stone reads Benjamin Zelkind, died Jan. 28, 1961 at age 60. No relationship to Berta/Mordechi/Elka demonstrated."
s_jd_wolf_zelkind,photo,"Wolf Zelkind headstone, Jewishdata item 377384",JewishData,,,"Brooklyn stone reads Wolf Zelkind, October 1921 death at age 56; no relationship to Cleveland Zelkind line demonstrated."
