id,priority,status,item,current_basis,closure_criterion
R01,1,open,Current production package,See linked review reports,"Editable text, person/household/chart data, full image assets, builder and requirements reproduce the current 236-page content; regenerated references agree"
R02,1,open,Duplicate tree IDs,See linked review reports,An explicitly versioned working copy has one q_14 and unique IDs for all distinct leads; a mapping preserves every old lead
R03,1,open,Claim-level source crosswalk,See linked review reports,S/W IDs resolve to canonical underlying documents and supported claims; S019/S024 is fixed; generic links gain archival locators and local originals
R04,1,open,Is the 1895 Paris Victor candidate the Cleveland Victor?,"Same reported day; surname bridge is plausible, but French Israël/Rosa conflicts with American Solomon/Rachael",A continuous original-record chain resolving both parents and following the person into the American family; assess the passenger and New York census candidates within that chain
R05,1,open,Who were Szyman's parents?,NUMIDENT Joseph Warszavski/Rochel Goldberg; stone Shimon ben Zisl,"Original SS-5 and/or Warsaw birth/marriage record, plus a documented explanation for the patronymic conflict"
R06,1,open,"Elka's parents, name variants and exact vital dates",NUMIDENT Isac Kaga/Tsilya Gershon; obituary Kogen; family/burial evidence,"Original SS-5 or birth/marriage record, with identifying details that distinguish her from namesakes; death certificate for exact day"
R07,1,open,Leah's own surname and the Cleveland uncle's identity,Interview reports a maternal uncle Janowitz/Janovitz; first name missing; existing Cleveland candidates unlinked,"Original record joining Leah and that brother, then a record identifying the uncle who actually hosted/sponsored Larry after 1956"
R08,1,open,Verify interview names and crucial chronology,See linked review reports,Listen to the timestamped passages in all relevant parts and retain a checked transcription with part/time; compare the differing later accounts without forcing agreement
R09,2,open,Larry/Ileen exact death days,See linked review reports,"Obtain original obituaries/certificates and distinguish death, funeral, burial and publication dates; note Ileen's existing May 22 obituary evidence rather than resetting it to unknown"
R10,2,open,Larry's Israel and U.S. immigration sequence,See linked review reports,Original petition/immigration and relevant Israeli records support the dates/places; the 1984 reported Cleveland arrival of 1956 is correctly attributed
R11,2,open,Larry's total sibling count,Four sisters/five children in 1984 testimony versus differently worded family counts,Listen to the relevant passages and recover household/sibling records; preserve any remaining source conflict
R12,2,open,Aliya/Shmuel Yaakov and Maimi/Dovid wedding dates,See linked review reports,Family supplies invitation/certificate or dated confirmation; do not substitute engagement publication date
R13,2,open,Hebrew anniversary/yahrtzeit differences,See linked review reports,Preserve the family's observed dates and record sunset/event context or an original notice/record sufficient to explain the disagreement
R14,2,open,"Current household roster, spellings and optional dates",See linked review reports,One dated family verification covers each household; absence of a supplied spouse/child is kept as an absence of information
R15,2,open,Which named children match the unnamed 2020 and 2025 notices?,See linked review reports,Family/direct record explicitly matches the notice to a child and household; do not create an extra child or infer the exact birth date from publication
R16,2,open,Rosamond's original 1983 notice,See linked review reports,"Obtain Plain Dealer, 25 January 1983, p. 2E, CPL 614868; compare spouse, family and date to her known identity"
R17,2,open,Rose Karr's original 1970 notice,See linked review reports,"Obtain Plain Dealer, 26 March 1970, reel 122, CPL 569015; verify the Alliance/Karr wording and death-day basis"
R18,3,open,Other Allen siblings' individual identities/parentage,See linked review reports,Original records join each person to the Adelstein parents and document any surname change; no identity is inferred from the affidavit notary's name alone
R19,2,open,"Marcus's Cleveland petition 131148, 1958",See linked review reports,"Inspect original front/reverse and associated records; compare former names, birth, arrival, spouse and children to the DP/refugee records"
R20,2,open,Reported Arolsen case 331.509 and Swedish refugee chain,See linked review reports,"Read every original case document; compare birth/place, relatives, movement and addresses; then inspect the relevant Swedish lists"
R21,2,open,Karola's April/June 1921 birth conflict,See linked review reports,"Original birth, immigration or identity records resolve the two dates with a documented rationale; retain both claims until then"
R22,3,open,Cleveland Rabbi Meyer Kogen linked to Elka?,See linked review reports,A record explicitly joins the families or documents a continuous lineage; shared Kogen/Kaga spelling and Cleveland residence do not suffice
R23,3,open,Julia/Tigery families linked to Victor?,See linked review reports,A parent-identifying bridge joins the documented families to Victor under his original surname; stop treating geography/surname as ancestry
R24,3,open,Antoine/Caroline marriage and Lamperiere candidate identities,See linked review reports,Obtain the actual cited 1860 marriage or an equivalent direct chain; do not merge the 1852 Beneton bride or Delphine/Rosalie from names alone
R25,2,open,"Image quality, identity and permissions",See linked review reports,Current edition has an asset-level manifest; source rights/required permissions and credits are settled; available better originals replace poor facsimiles
R26,2,open,Actual shortened edition and physical proof,See linked review reports,All pages of the rebuilt PDF are rendered/reviewed; person and household coverage reconciles; citations/indexes match; printer proof is inspected
R27,,resolved-in-manuscript,"Nine children's order, dated family confirmation","Nine children's order, dated family confirmation",Independent civil birth dates for every child
R28,2,open,Lori's name variants,See linked review reports,Contemporary Hersh evidence is carried through the book; family clarifies preferred display name and whether Hirsch is a variant rather than a different legal maiden surname
R29,,resolved-in-manuscript,Berta's Zelkind maiden surname from the family notice,Berta's Zelkind maiden surname from the family notice,Every vital date at civil-record precision
R30,,resolved-documentary-claim,Pearl's Cleveland birth and Sam/Rebecca parentage in delayed birth and marriage material,Pearl's Cleveland birth and Sam/Rebecca parentage in delayed birth and marriage material,Sam/Rebecca's own origins and complete family reconstruction
R31,,resolved-documentary-claim,Rose Alliance identified as Pearl's sister; Edward alias evidence present,Rose Alliance identified as Pearl's sister; Edward alias evidence present,Every Allen sibling's individual parentage/name change
R32,,access-route-established,"Online route to the three USHMM recording parts, metadata responses and captions","Online route to the three USHMM recording parts, metadata responses and captions",Listening verification and full playback acceptance
R33,,resolved-in-manuscript,Aline's correct 1920 marriage act 3605 and original act presentation,Aline's correct 1920 marriage act 3605 and original act presentation,The unproved identity bridges to other Garsons
R34,2,open,Ilana's birth-date propagation,See linked review reports,"The original 1988 notice is transcribed with its issue/year context; the supported June 4 date is consistently represented in narrative, register and data, with its source"
R35,2,open,Inferred relationship fields,See linked review reports,"Every provisional parent/child allocation is visibly qualified in charts, register and exports; a family confirmation or direct record is attached where obtained"
R36,2,open,Zelkind relative aliases,See linked review reports,"Family or an original record links Gail/Gala, Maria/Masha, Celya/Tzila and relevant spellings; preserve the two notices' actual wordings"
R37,2,open,Sam and Rebecca's own origins and parents,See linked review reports,"Original marriage/immigration/naturalization/vital records identify their places and parentage; use Rebecca's Escowitch/Escovitch variants, without assuming kinship to the postwar Edelsteins"
R38,2,open,Joe's Polish birth city and 1962 migration,See linked review reports,Original birth/immigration or a dated family document identifies the town and arrival details; the current narrative explicitly leaves the city unknown
R39,2,open,Larry's father's given name and the three lost sisters' identities,Interview supplies household details but not all names; compatible Khust memorial entries remain unlinked,"Khust birth/marriage/household records identify the parents and children; memorial or survivor evidence is joined by family identifiers, not name similarity"
