page,words,heading,image_placements
1,41,The / Warszawskis,1
2,191,For the family,0
3,78,Contents,0
4,272,Reading this family history,0
5,197,The places and the generations,0
6,42,Warsaw and Babruysk,1
7,286,The tailor of Cedar Center,0
8,57,Szyman in the Cleveland Jewish / News,1
9,56,Shimon ben Zisl,1
10,214,Berta called Grammy,0
11,54,Berta in the cemetery record,1
12,327,The Zelkinds of Babruysk,0
13,62,Portraits carried in stone,3
14,86,The family remembers Mordechi,1
15,39,Zeidy Larry,1
16,335,Zeidy Larry,0
17,420,Larry tells his childhood and war,0
18,339,Auschwitz and Warsaw / From the camps to Cleveland,0
19,393,Bread for the ghetto,0
20,334,The Altalena in Larry’s memory,0
21,343,A voice for remembrance,0
22,125,,0
23,55,Let us try again for a center,1
24,74,The card that made him an American,2
25,40,Ileen and the Garsons,1
26,311,Ileen called Gabby / The Garsons of Paris,0
27,295,,0
28,57,Victor’s declaration of intention,2
29,46,Paris in Victor’s childhood,1
30,429,An American twice over,0
31,65,Pearl’s sworn family record,1
32,57,Pearl’s sisters and brothers in print,1
33,57,Victor’s last family notice,1
34,252,Rochelle and Rosamond,0
35,43,Rochelle’s Arizona obituary,1
36,45,A household in Cleveland,1
37,61,Cleveland as they found it,2
38,226,Zion Memorial Park,0
39,62,The cemetery’s own register,2
40,326,A postwar childhood / Joe and Lori,0
41,257,What a household remembers,3
42,54,Joe’s stone,1
43,30,The nine children,1
44,219,The nine children,1
45,164,Aliya and Shmuel Yaakov Andrusier / Shoshy and Shmuel / Yechiel,0
46,225,Maimi and Dovid Inglis / Shimon and Mushky Warszawski / Chaya Brocha and Dovi Katz,0
47,245,Simcha / Hadassa and Doni Hirsch / The wider family,0
48,163,Lori and Aliya at Sunday dollars,2
49,56,Shmaya Marinovsky at Sunday / dollars,1
50,82,A family takes shape,0
51,89,Children and grandchildren,0
52,72,"Ilana, Aliya & Shoshy",0
53,77,"Yechiel, Maimi & Shimon",0
54,65,"Chaya Brocha, Simcha & Hadassa",0
55,86,"Four daughters, many branches",0
56,87,Names behind the records,0
57,96,The Hersh family,0
58,91,From Victor and Pearl,0
59,94,Sisters and their children,0
60,105,The Kogen household,0
61,105,The Garsons of Tigery,0
62,52,Other paths through France,1
63,315,Where the proven Garson line stops / The Metz question,0
64,135,,0
65,53,Metz as historical context,1
66,391,Julia and her children,0
67,48,Marcel’s birth in 1895,1
68,50,A mother’s legal recognition,1
69,45,Charlotte’s birth in 1898,1
70,60,Leon Jules and his later life,2
71,53,The index and the original act,1
72,315,The Paris households,0
73,289,Aline’s marriage in 1920,0
74,48,Aline and Edouard before the / registrar,1
75,60,The parents named in Aline’s act,2
76,291,Antoine and Caroline,0
77,58,The birth act behind the question,1
78,310,More than one Lamperiere family,0
79,55,Caroline Valentine in the restored / records,2
80,53,The country around Tigery,1
81,366,The Garsons of Tigery,0
82,56,Jacques and Louis in the birth / register,2
83,60,A father named by his sons,1
84,338,Ferdinand and Desire Lamoureux,0
85,54,Desire Lamoureux marries Julie / Sauvage,1
86,325,Louis Jacques and Adele Albert,0
87,56,Augustine Aline at Lisses,1
88,32,Questions still open,0
89,332,The Kogen question,0
90,58,Esther’s family notice,1
91,52,Rabbi Meyer Kogen in the / newspaper,1
92,54,Meyer’s household in the family / notice,1
93,315,The uncle in Cleveland,0
94,285,Memorial names and records still / unlinked,0
95,257,What could change the next edition,0
96,247,A wartime inquiry from New York,0
97,52,The 1917 welfare inquiry,2
98,238,Kogan households at Parichi,0
99,68,A 1921 household sheet from Huszt,1
100,267,The family register,0
101,304,,0
102,235,,0
103,200,,0
104,140,,0
105,223,,0
106,207,,0
107,174,,0
108,245,,0
109,255,,0
110,239,,0
111,265,,0
112,268,,0
113,203,,0
114,194,,0
115,195,,0
116,200,,0
117,253,,0
118,270,,0
119,226,,0
120,239,,0
121,213,,0
122,262,,0
123,203,,0
124,184,,0
125,183,,0
126,222,,0
127,215,,0
128,169,,0
129,187,,0
130,230,,0
131,217,,0
132,248,,0
133,216,,0
134,238,,0
135,202,,0
136,198,,0
137,140,,0
138,166,,0
139,129,,0
140,135,,0
141,154,,0
142,149,,0
143,160,,0
144,149,,0
145,150,,0
146,150,,0
147,154,,0
148,121,,0
149,132,,0
150,116,,0
151,44,,0
152,201,The recorded households,0
153,151,,0
154,150,,0
155,130,,0
156,150,,0
157,127,,0
158,148,,0
159,141,,0
160,125,,0
161,133,,0
162,147,,0
163,119,,0
164,64,,0
165,130,Notes to the stories,0
166,144,,0
167,185,,0
168,158,,0
169,151,,0
170,137,,0
171,189,,0
172,139,,0
173,127,,0
174,142,,0
175,146,,0
176,179,,0
177,157,,0
178,178,,0
179,126,,0
180,165,Source catalogue,0
181,124,,0
182,115,,0
183,120,,0
184,112,,0
185,132,,0
186,151,,0
187,129,,0
188,138,,0
189,125,,0
190,155,,0
191,140,,0
192,129,,0
193,213,,0
194,176,,0
195,161,,0
196,149,,0
197,211,,0
198,184,,0
199,213,,0
200,163,,0
201,176,,0
202,139,,0
203,149,,0
204,155,,0
205,38,New records,1
206,268,What the new pages add,0
207,193,Victor and Pearl marry,1
208,150,From Gershanovitz to Garson,2
209,71,Victor’s petition,1
210,70,The court changes his name,1
211,127,Pearl’s birth put on record,1
212,129,Rose writes “Sister”,1
213,183,Rebecca’s maiden name,1
214,186,Rose across three records,1
215,186,Isidor and Edward,3
216,165,Pearl’s side of the family,0
217,155,The Allen brothers at home,3
218,173,A Victor born in Paris,1
219,182,Rachel and Victor on the Ryndam,2
220,178,A New York lead to test,1
221,169,Mordka becomes Marcus,1
222,258,Adelstein and Edelstein,0
223,307,The questions worth carrying forward,0
224,264,Sources for the new records,0
225,292,Sources for the new records,0
226,324,Sources for the new records,0
227,261,Sources for the new records,0
228,132,Index to the new evidence,0
229,106,Name index,0
230,114,,0
231,109,,0
232,123,,0
233,124,,0
234,109,,0
235,71,,0
236,156,Keeping the story / The Warszawskis,0
