original_row,original_id,original_question,disposition,review_items,reason
1,q_1,Birth order of the nine children (the list is not in birth order).,resolved-in-manuscript,R27,Dated 1 October family birth-order confirmation; sync historical data.
2,q_2,Independent documentation of Lori’s maiden name Hirsch (family says Hirsch; no public record found).,partly-resolved,R28,Contemporary notice documents Laurel Ruth Hersh; clarify family Hirsch variant.
3,q_3,"Bertha’s maiden name and birth/death years; Joe’s father Shimon is named by family, but his dates and records remain open.",partly-resolved,R29;R05;R06,Berta Zelkind surname and dates have manuscript sources; narrow residual civil-date/parentage issues.
4,q_4,"Find Larry’s and Ileen’s original death certificates. Ileen’s 2009 original notice confirms identity and year, but not exact day; family yahrtzeit 28 Iyar.",open-narrowed,R09,Death certificates still open; Ileen May 22 obituary evidence already present.
5,q_6,"Children of each household. Only unnamed birth announcements for Shimon and Mushky (2020), very likely Dovi and Chaya Katz (2025), and Shmuel and Shoshy’s three named children appear so far.",superseded-by-new-roster,R14;R15,Current book records named children in multiple households; reconcile notice identities and obtain dated current roster.
6,q_7,"Wedding years/dates for Aliya and Shmuel Yaakov, and Maimi and Dovid. Gregorian dates for Ilana, Shoshy and Shimon are now family-reported; Shoshy’s Hebrew anniversary is disputed.",open,R12;R13,Aliya/Maimi wedding dates remain; Hebrew anniversary difference remains.
7,q_9,"Simcha is a daughter, a nurse, and single through December 2024; confirm only any later changes.",dated-information-only,R14,Do not assert present marital status from a December 2024 account; optional family update.
8,q_11,"Hebrew names and birthdays, if the family wants them on the tree.",optional-open,R14,Hebrew names/birthdays can be supplied if wanted; no inferred dates.
9,q_12,Confirm whether the December 2025 Dovi and Chaya Katz baby announcement is this household; the page renders garbled.,open,R15,Match December 2025 announcement to household and named Nesya; use S024.
10,q_14,"Ileen Hersh's exact death day: her 2009 obituary now gives May 22, 2009 (matching the family 28 Iyar); the original May 23 notice announces services and the register interment is May 24. A death certificate would close the day-precision question. Her Garson birth surname is confirmed.",open-narrowed,R09,Exact certificate verification remains; duplicate identical question rows should merge in a working copy.
11,q_13,"RESOLVED: Pearl was born in Cleveland - her own sworn 1940 petition ('born in Cleveland, Ohio on Dec. 1, 1897'). Victor documented born in Paris. The family France/Latvia accounts for Pearl are superseded and retained on the record.",resolved-documentary-claim,R30,Cleveland birth and parentage reinforced by delayed birth and sister affidavit; retire from open queue.
12,q_14,"Ileen Hersh's exact death day: her 2009 obituary now gives May 22, 2009 (matching the family 28 Iyar); the original May 23 notice announces services and the register interment is May 24. A death certificate would close the day-precision question. Her Garson birth surname is confirmed.",open-narrowed,R09,Exact certificate verification remains; duplicate identical question rows should merge in a working copy.
13,q_16,Larry’s Fortunoff testimony synopsis says oldest of five children; family account says seven siblings. Examine actual testimony and family records before selecting either count.,open,R11;R08,"Interview count versus family wording; distinguish children and siblings, then listen and corroborate."
14,q_15,"Larry's surname sequence: the original 1961 card now confirms 'Name changed as part of nat. from: ARIE - LARRY - HERSH KOVITZ' (signed Arie Lawrence Hersh). Remaining: the underlying petition/decree, an original birth record, and the details of the Israel chapter ('Subject of: Israel' on the card).",partly-resolved,R10,Card already confirms recorded name change; original petition/decree and civil birth still desired.
15,q_szymon_numident,"Obtain Szymon/Szyman’s original SS-5 or Warsaw birth record to confirm April 1, 1918 birth and the indexed parents Joseph Warszavski and Rochel Goldberg.",open,R05,Original SS-5/birth record and Zisl/Joseph conflict remain decisive.
16,q_elka_numident,"Obtain Elka’s original SS-5, birth or marriage record and death certificate to confirm indexed November 12, 1913 birth, March 14, 2005 death, Bobruisk origin, parents Isac Kaga and Tsilya Gershon, and Kaga/Kagan/Kogan name variants.",open,R06,Original identity/parentage and exact-date records remain.
17,q_17,"Compare the 1996 original Mordukh Zelkind notice (Gail, Maria, Celya; nee Kogen; Bertha Warshawsky) with the 1997 CJN monument notice (Gala, Masha, Tzila; Berta) and original records before merging name variants or selecting Elka’s legal maiden spelling.",open-narrowed,R36;R06,Two original notices already available; map aliases and resolve indexed/legal maiden variants.
18,q_garson_solomon,"Does Victor Garson's father Solomon (named on the 1916 marriage record) descend from Aron GARSON x Caroline LEVY (Metz marriage 1865, Metz-Chambiere burials)? Victor's own declaration documents Paris only; the Metz link is a strong but unverified lead. Proof path: French civil records / Moselle archives for a Solomon Garson/Gerson birth circa 1865-1875.",deprioritized-reframed,R04;R23,Strong-lead wording overstated. Victor adopted Garson in 1924; resolve original surname/parent conflicts first.
19,q_larry_israel,"Larry was a 'subject of Israel' at his 1961 naturalization: when did he reach Israel, where did he live, and when did he leave for the U.S. (index trail suggests arrival ~1954 - inference)? Israeli records and the Fortunoff testimony may answer.",partly-resolved,R10;R08,"1984 account says Cleveland 1956; retire unsupported approximately 1954 arrival inference, keep original-record verification."
20,q_julia_garson,"Is Julia Maria / Julia Emelina Perpetue / 'Melina Perpetue' Garson (b. ~1876-77, mother of Marcel b. 1895, Leon b. 1897 and Charlotte b. 1898) Solomon Garson's sister? That would make her three children Victor's first cousins. UNVERIFIED - no link beyond surname + Paris. Proof path: Julia's own birth act (~1876-77) names her parents.",deprioritized-unlinked,R23,No bridge to Victor. Preserve Julia household as unlinked rather than a cousin assignment.
