collection,original_row,original_id,occurrence,proposed_working_id,action,record_text
open_questions,10,q_14,1,q_14,retain one copy,"Ileen Hersh's exact death day: her 2009 obituary now gives May 22, 2009 (matching the family 28 Iyar); the original May 23 notice announces services and the register interment is May 24. A death certificate would close the day-precision question. Her Garson birth surname is confirmed."
open_questions,12,q_14,2,q_14,merge identical duplicate in working copy,"Ileen Hersh's exact death day: her 2009 obituary now gives May 22, 2009 (matching the family 28 Iyar); the original May 23 notice announces services and the register interment is May 24. A death certificate would close the day-precision question. Her Garson birth surname is confirmed."
research_leads,32,lead_34,1,lead_34,retain distinct lead; preserve full text and sources,"Victor Garson's own birth act (b. 30 May 1895, Paris) still not found: 3e, 9e, 10e and 11e ruled out, 4e partial, 14 arrondissements remaining in the Archives de Paris sweep (as of Sep 27, 2026). Marcel Garson's margin (V4E 10322) also deserves a high-res pull: a 1921 mayor's entry and the 21 Feb 1963 death notation."
research_leads,33,lead_35,1,lead_35,retain distinct lead; preserve full text and sources,"Auguste Garson's own birth act (~1864-65, per his age ~28 in Jun 1893) in the 1863-1872 Paris decennial tables - would name his parents, the bridge generation toward Solomon. Block-10 lane running. Side curiosity: 'GAUDEAU Maurice 3520' handstamped-surname entry in the V4E 9609 table."
research_leads,34,lead_36,1,lead_36,retain distinct lead; preserve full text and sources,"Aline Garson's marriage act (Paris 17e N° 5559, 16 Oct 1920, to Edouard Adolphe Godenne) is pullable - gives ages and parents of both spouses, and may name Marius's parents."
research_leads,35,lead_37,1,lead_37,retain distinct lead; preserve full text and sources,"Leon Jules Garson x Marie Marthe Therese Rollet line: married 21 Aug 1920 at Epineuil (Cher), Leon died 31 Aug 1980 at Lagny-sur-Marne. The Epineuil marriage act would name his mother and possibly his father; the Rollet line may have living descendants."
research_leads,36,lead_34,2,lead_40,retain distinct lead; preserve full text and sources,"Rabbi Meyer Kogen = Rabbi Meir Tzvi ben Avraham Kogen (Cleveland rav, 1888-1973, Mount Olive Cemetery Solon; AJA 1954-55 files: JCF guest + Hebrew-teacher-training instructor) - CANDIDATE for the Kogen/Zelkind line, kinship NOT proven. Cleveland sources continue tonight."
research_leads,37,lead_35,2,lead_41,retain distinct lead; preserve full text and sources,"HERSH ORAL HISTORY AUDIO/VIDEO: WRHS (Sean Martin, 28 Sep 2026) did not answer whether the original recording is remotely available - OPEN. The 3 transcripts are 3Play Media auto-generated ('may contain errors'); verify load-bearing quotes/names against the recording before book use."
research_leads,38,lead_36,2,lead_42,retain distinct lead; preserve full text and sources,"KHUST VITAL RECORDS: Larry's father's given name, mother Leah's record, and the names of the three perished sisters are all recoverable from Subcarpathia/Khust records (HERSHKOWITZ/Hersh Kovitz + JANOWITZ) - Subcarpathia SIG / JewishGen Ukraine route; ties to the existing Szatmar-county HERSH heartland mapping."
research_leads,39,lead_37,2,lead_43,retain distinct lead; preserve full text and sources,"HERSH CORROBORATORS: (a) Colonel KELETY's son was writing a book in Budapest as of 1984 (Larry stayed in contact; also the bread-general's son - Larry had his address/letter); (b) Leonard Fox, fellow survivor living in Cleveland in 1984 - both potential corroborating witnesses; (c) Marmarosher Jewish Temple (Lancashire) vs B'nai Jeshurun (USHMM summary) congregation variant to reconcile in Cleveland directories."
