book,page,section,width_px,height_px,printed_width_in,printed_height_in,effective_ppi,below_300,below_150,rights_note
The Warszawskis,11,See book page,575,298,6.5,3.369,88.5,True,True,Source credit retained; wider reproduction rights not independently certified
The Warszawskis,12,See book page,2377,2057,6.5,5.625,365.7,False,False,Source credit retained; wider reproduction rights not independently certified
The Warszawskis,14,See book page,2327,2052,6.5,5.732,358.0,False,False,Source credit retained; wider reproduction rights not independently certified
The Warszawskis,16,See book page,457,264,3.606,2.083,126.7,True,True,Source credit retained; wider reproduction rights not independently certified
The Warszawskis,16,See book page,264,457,1.204,2.083,219.4,True,False,Source credit retained; wider reproduction rights not independently certified
The Warszawskis,16,See book page,597,262,4.747,2.083,125.8,True,True,Source credit retained; wider reproduction rights not independently certified
The Warszawskis,17,See book page,930,750,6.5,5.242,143.1,True,True,Source credit retained; wider reproduction rights not independently certified
The Warszawskis,19,See book page,649,759,5.107,5.972,127.1,True,True,Source credit retained; wider reproduction rights not independently certified
The Warszawskis,26,See book page,520,680,4.567,5.972,113.9,True,True,Source credit retained; wider reproduction rights not independently certified
The Warszawskis,27,See book page,744,448,5.074,3.056,146.6,True,True,Source credit retained; wider reproduction rights not independently certified
The Warszawskis,27,See book page,2265,510,6.5,1.464,348.5,False,False,Source credit retained; wider reproduction rights not independently certified
The Warszawskis,30,See book page,342,498,2.098,3.056,163.0,True,False,Source credit retained; wider reproduction rights not independently certified
The Warszawskis,30,See book page,660,112,6.5,1.103,101.5,True,True,Source credit retained; wider reproduction rights not independently certified
The Warszawskis,31,See book page,1041,724,6.5,4.521,160.2,True,False,Source credit retained; wider reproduction rights not independently certified
The Warszawskis,33,See book page,890,447,6.5,3.265,136.9,True,True,Source credit retained; wider reproduction rights not independently certified
The Warszawskis,34,See book page,2400,2465,5.815,5.972,412.7,False,False,Source credit retained; wider reproduction rights not independently certified
The Warszawskis,35,See book page,2400,2787,5.143,5.972,466.7,False,False,Source credit retained; wider reproduction rights not independently certified
The Warszawskis,37,See book page,2146,3150,4.069,5.972,527.4,False,False,Source credit retained; wider reproduction rights not independently certified
The Warszawskis,38,See book page,793,520,4.66,3.056,170.2,True,False,Source credit retained; wider reproduction rights not independently certified
The Warszawskis,38,See book page,824,520,4.842,3.056,170.2,True,False,Source credit retained; wider reproduction rights not independently certified
The Warszawskis,40,See book page,920,78,6.5,0.551,141.5,True,True,Source credit retained; wider reproduction rights not independently certified
The Warszawskis,40,See book page,920,388,6.5,2.741,141.5,True,True,Source credit retained; wider reproduction rights not independently certified
The Warszawskis,44,See book page,2588,2387,6.475,5.972,399.7,False,False,Source credit retained; wider reproduction rights not independently certified
The Warszawskis,46,See book page,1150,490,6.5,2.77,176.9,True,False,Source credit retained; wider reproduction rights not independently certified
The Warszawskis,56,See book page,589,393,3.955,2.639,148.9,True,True,JEM watermarked preview; licensed print master and permission unresolved
The Warszawskis,56,See book page,589,393,3.955,2.639,148.9,True,True,JEM watermarked preview; licensed print master and permission unresolved
The Warszawskis,57,See book page,1357,904,6.5,4.33,208.8,True,False,JEM watermarked preview; licensed print master and permission unresolved
The Warszawskis,58,See book page,589,393,3.122,2.083,188.6,True,False,JEM watermarked preview; licensed print master and permission unresolved
The Warszawskis,58,See book page,500,330,3.157,2.083,158.4,True,False,JEM watermarked preview; licensed print master and permission unresolved
The Warszawskis,58,See book page,1171,774,3.152,2.083,371.5,False,False,JEM watermarked preview; licensed print master and permission unresolved
The Warszawskis,61,See book page,1481,939,6.5,4.121,227.8,True,False,Source credit retained; wider reproduction rights not independently certified
The Warszawskis,63,See book page,1600,852,6.5,3.461,246.2,True,False,Source credit retained; wider reproduction rights not independently certified
The Warszawskis,64,See book page,2032,1908,6.36,5.972,319.5,False,False,Source credit retained; wider reproduction rights not independently certified
The Warszawskis,65,See book page,2100,1430,6.5,4.426,323.1,False,False,Source credit retained; wider reproduction rights not independently certified
The Warszawskis,66,See book page,1400,1124,3.806,3.056,367.9,False,False,Source credit retained; wider reproduction rights not independently certified
The Warszawskis,66,See book page,1600,768,6.366,3.056,251.3,True,False,Source credit retained; wider reproduction rights not independently certified
The Warszawskis,67,See book page,947,222,6.5,1.524,145.7,True,True,Source credit retained; wider reproduction rights not independently certified
The Warszawskis,70,See book page,1504,1230,6.5,5.316,231.4,True,False,Source credit retained; wider reproduction rights not independently certified
The Warszawskis,71,See book page,1008,405,6.5,2.612,155.1,True,False,Source credit retained; wider reproduction rights not independently certified
The Warszawskis,71,See book page,1400,840,5.093,3.056,274.9,True,False,Source credit retained; wider reproduction rights not independently certified
The Warszawskis,73,See book page,1300,838,6.5,4.19,200.0,True,False,Source credit retained; wider reproduction rights not independently certified
The Warszawskis,75,See book page,1773,2800,1.935,3.056,916.4,False,False,Source credit retained; wider reproduction rights not independently certified
The Warszawskis,75,See book page,1000,1235,2.474,3.056,404.2,False,False,Source credit retained; wider reproduction rights not independently certified
The Warszawskis,76,See book page,998,610,6.5,3.973,153.5,True,False,Source credit retained; wider reproduction rights not independently certified
The Warszawskis,78,See book page,2325,1125,6.315,3.056,368.2,False,False,Source credit retained; wider reproduction rights not independently certified
The Warszawskis,78,See book page,2325,1173,6.056,3.056,383.9,False,False,Source credit retained; wider reproduction rights not independently certified
The Warszawskis,79,See book page,3100,1600,6.5,3.355,476.9,False,False,Source credit retained; wider reproduction rights not independently certified
The Warszawskis,81,See book page,2400,880,6.5,2.383,369.2,False,False,Source credit retained; wider reproduction rights not independently certified
The Warszawskis,83,See book page,2400,1781,6.5,4.824,369.2,False,False,Source credit retained; wider reproduction rights not independently certified
The Warszawskis,85,See book page,2923,2400,6.5,5.337,449.7,False,False,Source credit retained; wider reproduction rights not independently certified
The Warszawskis,86,See book page,1067,1343,4.745,5.972,224.9,True,False,Source credit retained; wider reproduction rights not independently certified
The Warszawskis,87,See book page,650,656,5.918,5.972,109.8,True,True,Source credit retained; wider reproduction rights not independently certified
The Warszawskis,92,See book page,1540,630,6.5,2.659,236.9,True,False,Source credit retained; wider reproduction rights not independently certified
The Warszawskis,92,See book page,1260,490,6.5,2.528,193.8,True,False,Source credit retained; wider reproduction rights not independently certified
The Warszawskis,94,See book page,3620,2854,6.5,5.125,556.9,False,False,Source credit retained; wider reproduction rights not independently certified
